-- phpMyAdmin SQL Dump
-- version 5.2.1
-- https://www.phpmyadmin.net/
--
-- Host: 127.0.0.1
-- Generation Time: Jun 01, 2024 at 11:39 AM
-- Server version: 10.4.32-MariaDB
-- PHP Version: 8.2.12

SET SQL_MODE = "NO_AUTO_VALUE_ON_ZERO";
START TRANSACTION;
SET time_zone = "+00:00";


/*!40101 SET @OLD_CHARACTER_SET_CLIENT=@@CHARACTER_SET_CLIENT */;
/*!40101 SET @OLD_CHARACTER_SET_RESULTS=@@CHARACTER_SET_RESULTS */;
/*!40101 SET @OLD_COLLATION_CONNECTION=@@COLLATION_CONNECTION */;
/*!40101 SET NAMES utf8mb4 */;

--
-- Database: `pranburi`
--

-- --------------------------------------------------------

--
-- Table structure for table `pbr_admin`
--

CREATE TABLE `pbr_admin` (
  `adm_id` int(11) NOT NULL COMMENT 'รหัสผู้ดูแลระบบ',
  `adm_profile` varchar(100) NOT NULL COMMENT 'รูปผู้ใช้',
  `adm_fname` varchar(100) NOT NULL COMMENT 'ชื่อ',
  `adm_lname` varchar(100) NOT NULL COMMENT 'นามสกุล',
  `adm_username` varchar(100) NOT NULL COMMENT 'ชื่อผู้ใช้',
  `adm_password` varchar(255) NOT NULL COMMENT 'รหัสผ่าน',
  `adm_email` varchar(70) NOT NULL COMMENT 'อีเมล',
  `adm_status` tinyint(1) NOT NULL DEFAULT 0 COMMENT 'สถานะ 0 = บล็อค, 1 = ใช้งานได้',
  `time` timestamp NOT NULL DEFAULT current_timestamp() ON UPDATE current_timestamp() COMMENT 'วัน เวลา'
) ENGINE=InnoDB DEFAULT CHARSET=utf8mb4 COLLATE=utf8mb4_general_ci COMMENT='ข้อมูลผู้ดูแลระบบ';

--
-- Dumping data for table `pbr_admin`
--

INSERT INTO `pbr_admin` (`adm_id`, `adm_profile`, `adm_fname`, `adm_lname`, `adm_username`, `adm_password`, `adm_email`, `adm_status`, `time`) VALUES
(1, 'profile_665ae49de3102639f98de4e7941cd6fed1717232797.png', 'ผู้ดูแลระบบ', 'สูงสุด', 'superAdmin', '$2y$10$Lt8oMcfD6efqXSUOo.ZmLOJUmRXDkedSxsn9.mK.Wj8PdP9TST4Iu', 'superAdmin1@gmail.com', 1, '2024-06-01 09:09:20'),
(2, 'profile_665aa313cb5b10947c7eee55f85a4948a1717216019.png', 'Admin', 'One', 'Admin111', '$2y$10$FRuuvNjEOTrDMzqgcoev9Oui2c20CjIjYf2xtb2IUULQIdfkIrMkm', 'admin111@gmail.com', 1, '2024-06-01 04:26:59');

-- --------------------------------------------------------

--
-- Table structure for table `pbr_contact`
--

CREATE TABLE `pbr_contact` (
  `ct_id` int(11) NOT NULL COMMENT 'รหัสรายการ',
  `ct_list` varchar(255) NOT NULL COMMENT 'รายการ',
  `ct_detail` varchar(255) NOT NULL COMMENT 'รายละเอียด',
  `ct_status` tinyint(1) NOT NULL DEFAULT 0 COMMENT 'สถานะ',
  `time` timestamp NOT NULL DEFAULT current_timestamp() ON UPDATE current_timestamp() COMMENT 'วัน /เวลา'
) ENGINE=InnoDB DEFAULT CHARSET=utf8mb4 COLLATE=utf8mb4_general_ci COMMENT='การติดต่อ';

--
-- Dumping data for table `pbr_contact`
--

INSERT INTO `pbr_contact` (`ct_id`, `ct_list`, `ct_detail`, `ct_status`, `time`) VALUES
(1, 'Email', 'example@gmail.com', 1, '2024-06-01 07:50:31'),
(2, 'Phone Number', '(+66)1-234-567-1', 1, '2024-06-01 09:26:33'),
(3, 'Facebook', 'https://www.facebook.com/', 1, '2024-06-01 09:27:00'),
(4, 'Twitter', 'https://x.com/?lang=th', 1, '2024-06-01 09:27:25'),
(5, 'Linkedin', 'https://th.linkedin.com/', 1, '2024-06-01 09:27:47'),
(6, 'Instagram', 'https://www.instagram.com/', 1, '2024-06-01 09:28:03'),
(7, 'Youtube', 'https://www.youtube.com/?app=desktop&gl=TH&hl=th', 1, '2024-06-01 09:28:22'),
(8, 'Website', 'http://www.tambonpranburi.go.th/site/index.php?option=com_content&view=article&id=62&Itemid=114', 1, '2024-06-01 09:28:51'),
(9, 'Address', 'เลขที่ 99/9 หมู่ที่ 4 บ้านลุ่มโพธิ์ ตำบลปราณบุรี อำเภอปราณบุรี จังหวัดประจวบคีรีขันธ์ 77120', 1, '2024-06-01 09:29:28');

-- --------------------------------------------------------

--
-- Table structure for table `pbr_news`
--

CREATE TABLE `pbr_news` (
  `ns_id` int(11) NOT NULL COMMENT 'รหัสข่าว',
  `ns_title` varchar(100) NOT NULL COMMENT 'หัวข้อข่าว',
  `nst_id` int(11) NOT NULL COMMENT 'รหัสผระเภทข่าว',
  `ns_cover` varchar(100) NOT NULL COMMENT 'ปกข่าว',
  `ns_detail` text NOT NULL COMMENT 'รายละเอียด',
  `ns_status` tinyint(1) NOT NULL DEFAULT 0 COMMENT 'สถานะ 1 = แสดง, 0 = ไม่แสดง',
  `time` timestamp NOT NULL DEFAULT current_timestamp() ON UPDATE current_timestamp() COMMENT 'วัน /เวลา'
) ENGINE=InnoDB DEFAULT CHARSET=utf8mb4 COLLATE=utf8mb4_general_ci COMMENT='ข้อมูลข่าว';

--
-- Dumping data for table `pbr_news`
--

INSERT INTO `pbr_news` (`ns_id`, `ns_title`, `nst_id`, `ns_cover`, `ns_detail`, `ns_status`, `time`) VALUES
(12, 'ทช.ร่วม ปตท.เดินหน้า \"ศูนย์ศึกษาเรียนรู้ระบบนิเวศป่าชายเลน\" จ.ประจวบฯ', 8, 'ns_665ad1f90953e6cab24e8df3ee545cfa91717228025.png', '<h1 style=\"text-align:justify;\">ทช.ร่วม ปตท.เดินหน้า \"ศูนย์ศึกษาเรียนรู้ระบบนิเวศป่าชายเลน\" จ.ประจวบฯ</h1><p style=\"text-align:justify;\"><strong>กรมทรัพยากรทางทะเลและชายฝั่ง (ทช.) MOU ร่วม ปตท. เดินหน้าโครงการศูนย์ศึกษาเรียนรู้ระบบนิเวศป่าชายเลนสิรินาถราชินี จ.ประจวบคีรีขันธ์ เพื่อพลิกฟื้นผืนป่าชายเลนสู่ความอุดมสมบูรณ์ และการพัฒนาอย่างยั่งยืน</strong></p><p style=\"text-align:justify;\"><span style=\"color:rgb(38,38,38);\">วันที่ 1 ก.พ. 65 กรมทรัพยากรทางทะเลและชายฝั่ง ร่วมกับ บริษัท ปตท. จำกัด (มหาชน) หรือ ปตท. จัดพิธีลงนามบันทึกข้อตกลงความร่วมมือการจัดการโครงการศูนย์ศึกษาเรียนรู้ระบบนิเวศป่าชายเลนสิรินาถราชินี อำเภอปราณบุรี จังหวัดประจวบคีรีขันธ์ ในวันอังคารที่ 1 กุมภาพันธ์ 2565 ณ ห้องพลังไทย บริษัท ปตท. จำกัด (มหาชน) โดยมี นายโสภณ ทองดี อธิบดีกรมทรัพยากรทางทะเลและชายฝั่ง และนายอรรถพล ฤกษ์พิบูลย์ ประธานเจ้าหน้าที่บริหารและกรรมการผู้จัดการใหญ่ ปตท. เป็นผู้ลงนาม พร้อมกันนี้ได้มีคณะผู้บริหารจากทั้ง 2 หน่วยงานร่วมเป็นสักขีพยาน</span></p><p style=\"text-align:justify;\"><span style=\"color:rgb(38,38,38);\">นายโสภณ ทองดี อธิบดีกรมทรัพยากรทางทะเลและชายฝั่ง ให้สัมภาษณ์ภายหลังจากพิธีลงนามบันทึกข้อตกลงความร่วมมือฯ ว่า ป่าชายเลนเป็นทรัพยากรที่มีความสำคัญและมีคุณค่าอย่างยิ่งต่อประเทศไทยและสังคมโลกทั้งทางด้านเศรษฐกิจ สังคม และสิ่งแวดล้อม อาทิ เป็นแหล่งที่อยู่อาศัย ขยายพันธุ์และอนุบาลสัตว์น้ำนานาชนิด เป็นแหล่งกักเก็บคาร์บอนที่สำคัญที่ช่วยลดภาวะโลกร้อน สำหรับสถานการณ์ทรัพยากรป่าชายเลนนั้น จากการสำรวจและแปลภาพถ่ายดาวเทียมเมื่อปี พ.ศ.2563 พบว่า มีพื้นที่ป่าชายเลนเพิ่มขึ้นจากปี พ.ศ.2557 กว่า 200,000 ไร่ โดยมีป่าชายเลนคงสภาพ 1.74 ล้านไร่ คงเป็นไปได้ยาก หรืออาจต้องใช้เวลานานมากที่หน่วยงานภาครัฐเพียงอย่างเดียวจะดำเนินการให้มีพื้นที่ป่าชายเลนเพิ่มขึ้นได้มากขนาดนี้ ซึ่งท่านรัฐมนตรีว่าการกระทรวงทรัพยากรธรรมชาติและสิ่งแวดล้อม (นายวราวุธ ศิลปอาชา) ได้มอบนโยบาย และตั้งเป้าหมายที่สำคัญ คือ พื้นที่ป่าชายเลนเพิ่มขึ้นเช่นนี้ทุกปี เน้นย้ำให้ต่อยอดความร่วมมือทุกภาคส่วนให้เพิ่มพื้นที่ป่าชายเลนของไทยให้ได้อย่างต่อเนื่องและยั่งยืน กรม ทช. จึงได้ดำเนินการส่งเสริมสนับสนุนการดำเนินการอย่างมีส่วนร่วมกับหน่วยงานต่างๆ รวมถึงพลังของพี่น้องประชาชนที่จะช่วยกันดูแล รักษา อนุรักษ์ และใช้ประโยชน์อย่างสมดุล</span></p>', 1, '2024-06-01 09:38:47'),
(13, '“ซี่โครงปราณ” ตำนานความนุ่ม', 9, 'ns_665ad6c50ecd4d2c5d41b9c99cfb3491e1717229253.png', '<h1 style=\"text-align:justify;\">&nbsp;</h1><p style=\"margin-left:0px;text-align:justify;\"><strong>“กรรม” คือผลของการกระทำ ทำดีได้ดี ...ทำชั่วย่อมไม่ได้ดี ไม่ช้าก็เร็ว “คุณชาย 1” เชื่ออย่างนั้น วันนี้จึงขออยากลองผลความอยากที่จะลองลิ้มชิมรส “ซี่โครงหมูอบซีอิ๊ว” ขอตรงๆเป็นเจ้าดังต้นตำรับ “ปราณบุรี” เพราะชื่อเสียงเรียงนามระบือไกลยิ่งนัก</strong></p><p style=\"margin-left:0px;text-align:justify;\">แต่...แต่...แต่ ยังไม่ได้ไปถึงปราณฯก็ต้องเสาะแสวงหากันสักหน่อยว่าจะหาผลกรรมที่กรุงเทพฯนี้ได้หรือเปล่า? ก็ให้มาเจอกับทายาทความอร่อย ซี่โครงหมูอบซีอิ๊วทานง่าย ถูกใจทั้งครอบครัว “Homemade happiness by SiKrongPran”...“ซี่โครงปราณ กทม.” เลขที่ 69 ซอยโยธา 1 ถนนโยธา แขวงตลาดน้อย เขตสัมพันธวงศ์ 10100 นำเสนอความอร่อยโดย นภัส สรรค์วิทยากุล หรือ “วิว”</p><p style=\"margin-left:0px;text-align:justify;\"><strong>วิว</strong> เล่าให้ฟังว่า เมนูซี่โครงหมูอบซีอิ๊ว คือตัวแทนของคำว่าอย่ายอมแพ้! กู๋ใหญ่บอกเสมอว่า ถ้าทำอะไรแล้วต้องทำให้ดีที่สุด ใส่ใจลงไปให้สุด เช่นเดียวกันกับการทำอาหาร...ถ้าทำไม่อร่อย อย่าขาย</p><p style=\"margin-left:0px;text-align:justify;\">เพราะกว่าจะเป็นซี่โครงหมูอบซีอิ๊วในน้ำซุปนี้ <i><strong>“ครั้งแรกๆมันไม่ได้อย่างที่เราต้องการหรอก”</strong></i> ทุกขั้นตอนในการทำตั้งแต่คัดเลือกเนื้อหมูคุณภาพดี เนื้อติดกระดูกเยอะ มีกระดูกอ่อนผสมเพื่อเพิ่มอรรถรสเวลาเคี้ยวกรุบๆ แล้วก็หั่นหมูเองเพื่อให้ได้ขนาดชิ้นที่สวยงาม หมักด้วยเครื่องปรุงสดใหม่หลายสิบชนิด</p><p style=\"margin-left:0px;text-align:justify;\"><span style=\"color:rgb(38,38,38);\">จนกระทั่งถึงขั้นตอนการต้มที่ต้องใส่ใจทุกรายละเอียดเช่นกัน ซึ่งกระบวนการทั้งหมดกว่าจะถึงวันนี้ต้องผ่านการทดลองมาแล้วนับครั้งไม่ถ้วน...“เราเลือกใช้เนื้อหมูอนามัย ไร้สารเร่งเนื้อแดง ปลอดภัยจากยาปฏิชีวนะและสารเคมีตกค้าง เนื้อติดซี่โครงผ่านกรรมวิธีหมักข้ามคืน ตุ๋นภายใต้เทคนิคการควบคุมความร้อนที่เหมาะสมเป็นเวลาหลายชั่วโมง จนนุ่มละมุน เครื่องปรุงที่ใช้สดใหม่ คุณภาพมาตรฐาน มั่นใจได้ว่าไร้ผงชูรส”</span></p>', 1, '2024-06-01 09:38:56'),
(14, 'ชาวสวนแตงโมปราณบุรีโอด โควิดพ่นพิษระบายผลผลิตไม่ได้ วอนช่วยมาซื้อ', 10, 'ns_665ae6fcdd8a0e81ec89ea4157ce5190f1717233404.png', '<h1 style=\"text-align:justify;\">&nbsp;</h1><p style=\"margin-left:0px;text-align:justify;\">สวนแตงโม อ.ปราณบุรี โอดวิกฤติโรคโควิด-19 กระทบหนัก พ่อค้าแม่ค้าที่เคยมารับซื้อหายไปกว่าครึ่ง แถมการขนส่งก็ลำบาก ติดเคอร์ฟิว ตลาดปิด ยอดขายลด 80% วอนช่วยมารับแตงโมไปขาย ระบายผลผลิต ลดขาดทุน</p><p style=\"margin-left:0px;text-align:justify;\">เมื่อวันที่ 15 เม.ย.2563 ผู้สื่อข่าวเดินทางไปพบ นายอุทัย สังขบุตร อายุ 52 ปี เจ้าของสวนแตงโมรายใหญ่ บ้านห้วยแสลงพันธ์ ไร่สอง ต.เขาน้อย อ.ปราณบุรี จ.ประจวบคีรีขันธ์ ซึ่งเช่าที่ดิน จัดซื้อเมล็ดพันธุ์ ปุ๋ย ยา และจ้างชาวบ้านในพื้นที่ปลูกแตงโม คอยดูแลรดน้ำ พรวนดินใส่ปุ๋ย กำจัดแมลง โรคพืชต่างๆ โดยพื้นที่ปลูกแตงโมมีประมาณ 350 ไร่ แตงโมที่ปลูกใช้พันธุ์ซอลญ่า, กินนรี ให้ผลใหญ่ ขนาด 4-6 กิโลกรัมต่อลูก เนื้อแน่น สีแดง ให้ความหวานสูง ต้นแข็งแรง ให้ผลดก อายุเก็บเกี่ยว 60-65 วัน หลังเพาะกล้าหนึ่งปีสามารถปลูกได้ 3 ครั้ง เมื่อถึงเวลาเก็บเกี่ยวแต่ละครั้งก็จะมีแม่ค้าพ่อค้านำรถมาบรรทุกถึงในสวน ราคาส่งอยู่ที่กิโลกรัมละ 10 บาท</p><p style=\"margin-left:0px;text-align:justify;\"><span style=\"color:rgb(38,38,38);\">เจ้าของสวนแตงโมรายใหญ่ บ้านห้วยแสลงพันธ์ ไร่สอง กล่าวต่อว่า หลังจากที่แตงโมชุดแรกออกเมื่อปลายเดือนมีนาคมก็ได้รับผลกระทบจากการระบาดของโรคติดเชื้อไวรัสโคโรนา 2019 หรือ โควิด-19 ทันที พ่อค้าแม่ค้าขาประจำทั่วประเทศที่เคยมารับไปขาย หายไปกว่าครึ่ง ส่วนรถที่มารับกว่าจะไปถึงที่หมายก็ลำบาก เพราะเมื่อก่อนวิ่งได้ทั้งวันทั้งคืน ช่วงนี้วิ่งไปลงของตลาดปิด ก็ลงไม่ได้ จะกลับมาก็ไม่ได้ ต้องคอยถึงตี 4 ตอนนี้ยอดขายหายไป 70-80 เปอร์เซ็นต์</span></p>', 1, '2024-06-01 09:39:03');

-- --------------------------------------------------------

--
-- Table structure for table `pbr_news_type`
--

CREATE TABLE `pbr_news_type` (
  `nst_id` int(11) NOT NULL COMMENT 'รหัสประเภทข่าว',
  `nst_img` varchar(100) NOT NULL COMMENT 'รูปประเภทข่าว',
  `nst_name` varchar(100) NOT NULL COMMENT 'ชื่อประเภทข่าว',
  `nst_status` tinyint(1) NOT NULL COMMENT 'สถานะ 1 = แสดง, 0 = ไม่แสดง',
  `time` timestamp NOT NULL DEFAULT current_timestamp() ON UPDATE current_timestamp() COMMENT 'วัน เวลา'
) ENGINE=InnoDB DEFAULT CHARSET=utf8mb4 COLLATE=utf8mb4_general_ci COMMENT='ข้อมูลประเภทข่าวประชาสัมพันธ์';

--
-- Dumping data for table `pbr_news_type`
--

INSERT INTO `pbr_news_type` (`nst_id`, `nst_img`, `nst_name`, `nst_status`, `time`) VALUES
(6, 'nst_665acca3cf8b26f372801f8fb4acd288a1717226659.jpg', 'ข่าวกิจกรรม', 1, '2024-06-01 07:24:19'),
(7, 'nst_665acdc89b8e09474cbdc5552f8d5c2051717226952.jpg', 'เตือนภัย', 1, '2024-06-01 07:29:12'),
(8, 'nst_665acef72114c2a944c764aae9d6499141717227255.png', 'ทั่วไป', 1, '2024-06-01 07:34:15'),
(9, 'nst_665ad62d0ac18765d3a627a8262c39e901717229101.jpg', 'อาหาร', 1, '2024-06-01 08:05:01'),
(10, 'nst_665ae5e02dfaf81dc0579170de0dc9e7c1717233120.jpg', 'เศรษฐกิจ', 1, '2024-06-01 09:12:00');

-- --------------------------------------------------------

--
-- Table structure for table `pbr_news_views`
--

CREATE TABLE `pbr_news_views` (
  `nsv_id` int(11) NOT NULL COMMENT 'รหัสรายการ',
  `ns_id` int(11) NOT NULL COMMENT 'รหัสข่าว',
  `nst_id` int(11) NOT NULL COMMENT 'รหัสประเภทข่าว',
  `nsv_view` int(11) NOT NULL DEFAULT 0 COMMENT 'ยอดเข้าชม',
  `time` timestamp NOT NULL DEFAULT current_timestamp() ON UPDATE current_timestamp() COMMENT 'วัน เวลา'
) ENGINE=InnoDB DEFAULT CHARSET=utf8mb4 COLLATE=utf8mb4_general_ci COMMENT='ยอดเข้าชมข่าว';

--
-- Dumping data for table `pbr_news_views`
--

INSERT INTO `pbr_news_views` (`nsv_id`, `ns_id`, `nst_id`, `nsv_view`, `time`) VALUES
(33, 12, 8, 0, '2024-06-01 07:47:05'),
(34, 12, 8, 1, '2024-06-01 07:56:13'),
(35, 12, 8, 1, '2024-06-01 07:56:16'),
(36, 12, 8, 1, '2024-06-01 07:56:19'),
(37, 13, 9, 0, '2024-06-01 08:07:33'),
(38, 12, 8, 1, '2024-06-01 08:07:59'),
(39, 13, 9, 1, '2024-06-01 08:08:01'),
(40, 13, 9, 1, '2024-06-01 08:08:06'),
(41, 13, 9, 1, '2024-06-01 08:15:47'),
(42, 12, 8, 1, '2024-06-01 08:15:49'),
(43, 12, 8, 1, '2024-06-01 08:15:55'),
(44, 13, 9, 1, '2024-06-01 08:16:14'),
(45, 12, 8, 1, '2024-06-01 08:21:33'),
(46, 13, 9, 1, '2024-06-01 08:21:36'),
(47, 13, 9, 1, '2024-06-01 08:22:50'),
(48, 13, 9, 1, '2024-06-01 08:28:15'),
(49, 13, 9, 1, '2024-06-01 08:28:48'),
(50, 13, 9, 1, '2024-06-01 08:29:19'),
(51, 13, 9, 1, '2024-06-01 08:30:47'),
(52, 13, 9, 1, '2024-06-01 08:34:28'),
(53, 13, 9, 1, '2024-06-01 08:35:11'),
(54, 13, 9, 1, '2024-06-01 08:35:27'),
(55, 13, 9, 1, '2024-06-01 08:35:34'),
(56, 13, 9, 1, '2024-06-01 08:35:47'),
(57, 12, 8, 1, '2024-06-01 08:41:40'),
(58, 12, 8, 1, '2024-06-01 08:42:11'),
(59, 13, 9, 1, '2024-06-01 08:42:43'),
(60, 13, 9, 1, '2024-06-01 08:49:14'),
(61, 13, 9, 1, '2024-06-01 08:50:09'),
(62, 13, 9, 1, '2024-06-01 08:50:19'),
(63, 13, 9, 1, '2024-06-01 08:50:40'),
(64, 13, 9, 1, '2024-06-01 08:51:21'),
(65, 13, 9, 1, '2024-06-01 08:51:22'),
(66, 13, 9, 1, '2024-06-01 08:52:01'),
(67, 13, 9, 1, '2024-06-01 08:52:02'),
(68, 13, 9, 1, '2024-06-01 08:52:03'),
(69, 13, 9, 1, '2024-06-01 08:53:36'),
(70, 13, 9, 1, '2024-06-01 08:53:54'),
(71, 12, 8, 1, '2024-06-01 08:54:01'),
(72, 13, 9, 1, '2024-06-01 08:54:13'),
(73, 13, 9, 1, '2024-06-01 08:55:03'),
(74, 13, 9, 1, '2024-06-01 08:55:06'),
(75, 13, 9, 1, '2024-06-01 08:55:47'),
(76, 12, 8, 1, '2024-06-01 08:55:52'),
(77, 13, 9, 1, '2024-06-01 09:07:33'),
(78, 14, 10, 0, '2024-06-01 09:16:44'),
(79, 14, 10, 1, '2024-06-01 09:17:12'),
(80, 12, 8, 1, '2024-06-01 09:38:00'),
(81, 12, 8, 1, '2024-06-01 09:38:15'),
(82, 14, 10, 1, '2024-06-01 09:38:21');

-- --------------------------------------------------------

--
-- Table structure for table `pbr_setting`
--

CREATE TABLE `pbr_setting` (
  `st_id` int(11) NOT NULL COMMENT 'รหัสรายการ',
  `st_list` varchar(255) NOT NULL COMMENT 'ชื่อรายการ',
  `st_detail` varchar(255) NOT NULL COMMENT 'รายละเอียด',
  `time` timestamp NOT NULL DEFAULT current_timestamp() ON UPDATE current_timestamp() COMMENT 'วัน / เวลา'
) ENGINE=InnoDB DEFAULT CHARSET=utf8mb4 COLLATE=utf8mb4_general_ci COMMENT='ตั้งค่าเว็บไซต์';

--
-- Dumping data for table `pbr_setting`
--

INSERT INTO `pbr_setting` (`st_id`, `st_list`, `st_detail`, `time`) VALUES
(1, 'Website Name', 'ปราณบุรี', '2024-05-31 08:39:05'),
(2, 'Favicon', 'fvc_66598d0a431049e2950db41f95563b27f1717144842.png', '2024-05-31 08:40:42'),
(3, 'Logo Website', 'lg_66598d12f0b6a3a4b3334889bc32210c91717144850.png', '2024-05-31 08:40:50');

-- --------------------------------------------------------

--
-- Table structure for table `pbr_travel`
--

CREATE TABLE `pbr_travel` (
  `tv_id` int(11) NOT NULL COMMENT 'รหัสสถานที่ท่องเที่ยว',
  `tv_name` varchar(100) NOT NULL COMMENT 'ชื่อสถานที่ท่องเที่ยว',
  `tvt_id` int(11) NOT NULL COMMENT 'รหัสประเภท',
  `tv_cover` varchar(100) NOT NULL COMMENT 'ปกสถานที่ท่องเที่ยว',
  `tv_detail` text NOT NULL COMMENT 'รายละเอียด, คอนเท้น',
  `tv_video` text NOT NULL COMMENT 'วิดีโอสถานที่ท่องเที่ยว',
  `tv_location` text NOT NULL COMMENT 'ตำแหน่งสถานที่ท่องเที่ยว',
  `tv_status` tinyint(1) NOT NULL DEFAULT 0 COMMENT 'สถานะ 1 = แสดง, 0 = ไม่แสดง',
  `time` timestamp NOT NULL DEFAULT current_timestamp() ON UPDATE current_timestamp() COMMENT 'วัน เวลา'
) ENGINE=InnoDB DEFAULT CHARSET=utf8mb4 COLLATE=utf8mb4_general_ci COMMENT='สถานที่ท่องเที่ยว';

--
-- Dumping data for table `pbr_travel`
--

INSERT INTO `pbr_travel` (`tv_id`, `tv_name`, `tvt_id`, `tv_cover`, `tv_detail`, `tv_video`, `tv_location`, `tv_status`, `time`) VALUES
(31, 'หาดปากน้ำปราณบุรี', 44, 'tv_665aa3ede8cec02aaee92dca50ac6d7d11717216237.jpg', '<h1 style=\"text-align:justify;\">หาดปากน้ำปราณบุรี</h1><p style=\"text-align:justify;\"><span style=\"background-color:rgb(255,255,255);color:rgb(85,85,85);\">ผ่อนคลายไปกับความสงบของ </span><strong>หาดปากน้ำปราณบุรี&nbsp;</strong><span style=\"background-color:rgb(255,255,255);color:rgb(85,85,85);\">อำเภอปราณบุรี จังหวัดประจวบคีรีขันธ์&nbsp; ชายหาดที่เลื่องลือในเรื่องของความเงียบสงบ แม้น้ำทะเลอาจไม่ใสและมีสีสวย หาดทรายอาจไม่ขาวละเอียด แต่ด้วยบรรยากาศที่เป็นธรรมชาติ ทำให้นักท่องเที่ยวนิยมเดินทางมาพักผ่อนยังชายหาดแห่งนี้&nbsp; มีจุดไฮไลท์ที่เปรียบเสมือนสัญลักษณ์ของชายหาด คือ</span><strong> ต้นตาล 3 ต้น</strong><span style=\"background-color:rgb(255,255,255);color:rgb(85,85,85);\"> ที่ลำต้นเอนเอียงโดดเด่นอยู่ริมหาด นอกจากนี้บริเวณชายหาดยังเป็นที่ตั้งของรีสอร์ทมากมาย รับรองว่ามาเที่ยวหาดปากน้ำปราณบุรี ได้ชาร์ตแบบกลับไปอย่างเต็มเปี่ยม</span></p><p style=\"text-align:justify;\"><strong>หาดปากน้ำปราณบุรี </strong><span style=\"background-color:rgb(255,255,255);color:rgb(85,85,85);\">เป็นชายหาดหนึ่งในหาดปราณบุรี ที่เริ่มตั้งแต่ปากน้ำปราณ บริเวณใกล้กับที่ตั้งศาลกรมหลวงชุมพร ไปจนถึงเขากระโหลก มีถนนเลียบชายหาดที่ค่อนข้างยาว &nbsp;มีพื้นที่ชายหาดกว้าง มองวิวได้แบบไกลสุดตา ยิ่งช่วงน้ำทะเลลดมองเห็นริ้วทรายสลับกับผืนน้ำไล่ระดับสวยงาม สามารถลงไปเดินเล่นชมบรรยากาศ รับลมทะเลได้อย่างเพลิดเพลิน บางจุดมีลานกิจกรรม สำหรับนั่งพักผ่อนหย่อนใจ</span></p><p style=\"text-align:justify;\"><span style=\"background-color:rgb(255,255,255);color:rgb(85,85,85);\">ก่อนถึงจุดชมวิวตาลสามต้น จะเจอกับลานกว้าง </span><strong>แหลมเกด ณ ปากน้ำปากปราณ</strong><span style=\"background-color:rgb(255,255,255);color:rgb(85,85,85);\"> เป็นจุดพักผ่อนจัดทำเป็นลานกว้าง ตกแต่งปูพื้นสลับสีสวยงาม มีที่สำหรับนั่งเล่นหลายจุด ทำให้บริเวณนี้เป็นที่พักผ่อนของคนประจวบและนักท่องเที่ยว ทั้งมาออกกำลังกาย&nbsp; หรือบางครอบครัวพาเด็กเล็กมาวิ่งเล่น บริเวณเลียบหาดริมทางมีอาหารมาขาย หลายคนซื้อมานั่งทานบริเวณนี้</span></p><p style=\"text-align:justify;\"><span style=\"background-color:rgb(255,255,255);color:rgb(85,85,85);\">แม้มาเที่ยวในช่วงฤดูฝน อากาศหม่นเทา แต่ในเรื่องบรรยากาศของการพักผ่อนริมชายหาดปราณบุรีให้เต็มสิบ เปลี่ยนความคิดของการเที่ยวทะเลว่า บางครั้งไม่จำเป็นต้องมาเที่ยวทะเลในช่วงหน้าร้อนหรือแดดต้องดี ฟ้าต้องใสเสมอไป ถ้าเน้นพักผ่อนปลดล๊อคความเครียดให้ผ่อนคลาย </span><strong>ปราณบุรี</strong><span style=\"background-color:rgb(255,255,255);color:rgb(85,85,85);\"> &nbsp;มาเที่ยวได้ตลอดทั้งปี แค่ได้นั่งนิ่งมองวิวทะเลก็ฟินสุด ยิ่งเดินเล่นช่วงไม่มีแดดยิ่งชิล อากาศไม่ร้อนมาก</span></p><p style=\"text-align:justify;\"><span style=\"background-color:rgb(255,255,255);color:rgb(85,85,85);\">ขับรถเลียบหาดมาเรื่อยๆ มาถึง </span><strong>ตาลสามต้น</strong><span style=\"background-color:rgb(255,255,255);color:rgb(85,85,85);\">&nbsp; อยู่ด้านหน้าโรงแรมปัตตาเวีย รีสอร์ท เป็นจุดไฮไลท์ของชายหาดที่ไม่ได้แวะเหมือนมาไม่ถึง</span></p><p style=\"text-align:justify;\"><span style=\"background-color:rgb(255,255,255);color:rgb(85,85,85);\">ใครที่เที่ยวหัวหินบ่อย ลองเปลี่ยนบรรยากาศ ขับรถมาเที่ยวปราณบุรี เดินทางต่อจากหัวหินอีกแค่ครึ่งชมก็จะพบกับสงบ ไม่วุ่นวาย ชายหาดสวย เหมาะสำหรับมานั่งทอดอารมณ์ชมวิวทะเล หรือใครชอบกิจกรรมสามารถมาจักรยาน วิ่ง หรือ เซิร์ฟสเก็ต ที่ชายหาดปราณบุรี คือ สถานที่พักผ่อนที่ตอบโจทย์ทุกไลฟ์สไตล์ได้ดีเลยทีเดียว มีร้านอาหารทะเลสดใหม่ราคาไม่แพงหลายร้าน แถมยังมีคาเฟ่สวยให้มาแชะภาพอีกหลายแห่ง</span></p><hr><p style=\"text-align:justify;\"><a href=\"https://www.paiduaykan.com/%e0%b8%8a%e0%b8%b2%e0%b8%a2%e0%b8%ab%e0%b8%b2%e0%b8%94%e0%b8%9b%e0%b8%a3%e0%b8%b2%e0%b8%93%e0%b8%9a%e0%b8%b8%e0%b8%a3%e0%b8%b5/\">ที่มา : ไปด้วยกัน (paiduaykan.com)</a></p>', '<iframe width=\"560\" height=\"315\" src=\"https://www.youtube-nocookie.com/embed/upwNMzW5KbI?si=XvM6XWTzHmgNvZfe\" title=\"YouTube video player\" frameborder=\"0\" allow=\"accelerometer; autoplay; clipboard-write; encrypted-media; gyroscope; picture-in-picture; web-share\" referrerpolicy=\"strict-origin-when-cross-origin\" allowfullscreen></iframe>', '<iframe src=\"https://www.google.com/maps/embed?pb=!1m18!1m12!1m3!1d3896.9417553872736!2d99.9960918748117!3d12.386831627429588!2m3!1f0!2f0!3f0!3m2!1i1024!2i768!4f13.1!3m3!1m2!1s0x30fdb179116bbc8b%3A0xfdf5a326d6646d4d!2sPaknampran%20Beach%20Park!5e0!3m2!1sth!2sth!4v1717216213242!5m2!1sth!2sth\" width=\"600\" height=\"450\" style=\"border:0;\" allowfullscreen=\"\" loading=\"lazy\" referrerpolicy=\"no-referrer-when-downgrade\"></iframe>', 1, '2024-06-01 09:35:16'),
(32, 'เขื่อนปราณบุรี', 45, 'tv_665aa6444fe6902cbe25583dedd1612971717216836.jpg', '<h1 style=\"text-align:justify;\">เที่ยวเขื่อนปราณบุรี &nbsp;ไปดูแพะ แชะภาพสุดน่ารัก ที่จับแพะชนแกะ</h1><p style=\"text-align:justify;\"><strong>เขื่อนปราณบุรี</strong><span style=\"background-color:rgb(255,255,255);color:rgb(85,85,85);\"> อีกหนึ่งที่เที่ยวแห่งอำเภอปราณบุรี ที่ไม่ควรพลาด มาชมวิวทิวทัศน์ที่สวยงาม ของภูเขาและต้นไม้เขียวขจี มีความเงียบสงบเป็นธรรมชาติ ยังมีไฮไลท์น่าสนใจที่กำลังได้รับความนิยมจากนักท่องเที่ยว คือ ถ่ายรูปแพะเขื่อนปราณบุรี รวมทั้งน้องแกะ ในช่วงฤดูที่น้ำในเขื่อนลดลง มองเห็นพื้นหญ้าเป็นพื้นที่กว้าง ชาวบ้านจะพาน้องแพะ แกะ รวมทั้งวัว มากินหญ้าที่มีวิวโอบล้อมเป็นภูเขาและต้นไม้ บรรยากาศคล้ายต่างประเทศ สวยงามเหมือนภาพวาด โดยพื้นที่ที่เปิดให้นักท่องเที่ยวมาถ่ายรูปแพะ จะมีสองจุด แต่จุดยอดนิยมตั้งอยู่ด้านหลังเขื่อนปราณบุรี เป็นฟาร์มเลี้ยงวัว แพะ แกะ ชื่อว่า</span><strong> จับแพะชนแกะ &nbsp;</strong></p><hr><h3 style=\"margin-left:0px;text-align:justify;\"><span style=\"background-color:transparent;color:rgb(255,102,0);\">เส้นทางไปถ่ายแพะเขื่อนปราณบุรี</span></h3><p style=\"margin-left:0px;text-align:justify;\"><span style=\"background-color:rgb(255,255,255);color:rgb(85,85,85);\">สำหรับการมาถ่ายรูปน้องแพะที่ </span><strong>จับแพะชนแกะ</strong><span style=\"background-color:rgb(255,255,255);color:rgb(85,85,85);\"> แนะนำให้ปักหมุดมาที่ &nbsp;</span><strong>โรงเรียนบ้านเนินพะยอม</strong><span style=\"background-color:rgb(255,255,255);color:rgb(85,85,85);\"> &nbsp;ไม่ต้องปักหมุดมาที่เขื่อนปราณบุรี เพราะอยู่คนละฝั่งกัน เมื่อขับรถผ่านเส้นทางคอนกรีต จะมาถึงถนนช่วงหนึ่งที่จะไม่มีสัญญาณโทรศัทพ์ แนะนำถ้าสัญญาณเริ่มไม่มี ให้ปิด google maps เพราะอาจทำให้ขับรถเลยและหลงทางได้ แต่ไม่ต้องกลัวว่าจะหลง เพราะถนนมีเส้นเดียวให้ขับตรงมาเรื่อยๆจนเจอ&nbsp; โรงเรียนบ้านเนินพะยอม &nbsp;มีซอยเล็กๆข้างโรงเรียน และมีป้ายจับแพะชนแกะอยู่ฝั่งตรงข้าม ให้เลี้ยวเข้ามาในซอยนี้</span></p><p style=\"margin-left:0px;text-align:justify;\"><span style=\"background-color:rgb(255,255,255);color:rgb(85,85,85);\">เมื่อเลี้ยวเข้าซอยมา ถนนจะเป็นดินแดงทั้งหมด ขับมานิดเดียวจะเห็นป้ายจับแพะชนแกะ ให้เลี้ยวไปตามป้ายได้เลยค่ะ ถนนหนทางตั้งแต่เข้ามาในซอยโรงเรียนไม่ค่อยดี บางช่วงขรุขระมาก ขับรถช้าๆด้วยความระมัดระวัง ระหว่างทางเป็นป่าและสวนยาง แต่ไม่ต้องกลัวว่าจะไม่ปลอดภัย เส้นทางนี้มีชาวบ้านขับรถมอเตอร์ไซต์ผ่านไปมาอยู่บ้าง บางช่วงเป็นสวนยางและบ้านเรือนของชาวบ้าน&nbsp;</span></p><p style=\"margin-left:0px;text-align:justify;\"><span style=\"background-color:rgb(255,255,255);color:rgb(85,85,85);\">ขับรถผ่านดินแดงขรุขระนี้ไปเรื่อยๆ จนสุดทางจะเจอกับป้ายจับแพะชนแกะ นั่นหมายความว่ามาถึงแล้ว เลี้ยวรถเข้าไปตามป้าย จะเห็นซุ้มกระท่อม น้องวัว แพะ อยู่ไม่ไกล</span></p><hr><h2 style=\"margin-left:0px;text-align:justify;\"><span style=\"background-color:transparent;color:rgb(255,102,0);\">ถ่ายรูปให้อาหาร แพะ ที่ จับแพะชนแกะ</span></h2><p style=\"margin-left:0px;text-align:justify;\">ช่วงเวลาที่เหมาะสม คือ ช่วงบ่ายสามเป็นต้นไป อากาศไม่ร้อนมาก และแสงตอนเย็นค่อนข้างสวย แต่ถ้าใครไม่สะดวกมาช่วงเย็น ก็มาช่วงเวลาอื่นได้เลย แต่ควรมาก่อน 6 โมง เย็น เพราะเจ้าของฟาร์มจะต้อนแพะเข้าคอก ช่วงห้าโมง และอีกอย่างถ้ากลับเย็นมาก เส้นทางไม่ดี ถ้ามืด จะขับรถลำบาก เพราะที่นี่ไม่มีไฟฟ้า ส่วนเดือนที่น้ำในเขื่อนลดจนเห็นพื้นหญ้า เริ่มตั้งแต่ช่วงเดือน มิถุนายน เป็นต้นไป แต่น้ำจะลงถึงเดือนไหน เพื่อความชัวร์ ก่อนเดินทางโทรสอบถามไปที่เบอร์ของ <strong>จับแพะ ชนแกะ</strong> ได้ที่ โทร 093 165 8148 สำหรับค่าใช้จ่ายในการเข้ามาถ่ายรูป ไม่เสียเงิน แล้วแต่จะให้เป็นค่าอาหารของน้อง &nbsp;</p><p style=\"margin-left:0px;text-align:justify;\"><span style=\"background-color:rgb(255,255,255);color:rgb(85,85,85);\">มาถึงแล้วทางคนดูแล จะต้อนแพะ กับแกะ ออกจากคอก มาให้เล็มหญ้า และถ่ายรูป ถ้ามีนักท่องเที่ยวเยอะก็อาจจะต้อนออกมาก่อนหน้านั่นแล้ว เรามาในวันธรรมดา มาถึงช่วงสามโมงครึ่ง โชคดีที่ไม่มีนักท่องเที่ยวกลุ่มอื่น ถ่ายภาพน้องได้แบบเต็มที่</span></p><p style=\"margin-left:0px;text-align:justify;\"><span style=\"background-color:rgb(255,255,255);color:rgb(85,85,85);\">เห็นภาพที่ทั้งวัว แพะ แกะมาเล็มหญ้า เกาะกันเป็นกลุ่มแล้ว เหมือนกับสวิสเซอร์แลนด์บวกกับนิวซีแลนด์ ทั้งแพะ แกะ มีหมด แล้วน้องแกะที่นี่ขนฟูด้วย เป็นภาพที่ดูแล้วสตั๊นไปสามวิ เหมือนภาพวาด สดชื่น สบายตา ประกอบกับสายลมที่พัดมา อากาศจึงดีมาก</span></p><p style=\"margin-left:0px;text-align:justify;\"><span style=\"background-color:rgb(255,255,255);color:rgb(85,85,85);\">บริเวณนี้ คือ พื้นที่ของเขื่อนทั้งหมด ซึ่งเวลามีน้ำก็จะเต็มเขื่อน แต่ยามน้ำในเขื่อนแห้ง ก็จะมองเห็นพื้นหญ้าแบบนี้เป้นพื้นที่กว้าง ซึ่งพื้นหญ้านี้เป็นอาหารที่มีทั้งแร่ธาตุ และสารอาหารชั้นดี ทำให้น้องวัว แพะ จึงชอบมาเล็มหญ้าบริเวณนี้เป็นพิเศษ</span></p><p style=\"margin-left:0px;text-align:justify;\"><span style=\"background-color:rgb(255,255,255);color:rgb(85,85,85);\">มีกระท่อมสำหรับนั่งเล่น สามารถนำอาหารและเครื่องดื่มมาทานได้</span></p><p style=\"margin-left:0px;text-align:justify;\"><span style=\"color:hsl(0,0%,30%);\">น้องแพะ น้องแกะที่เขื่อนปราณบุรี ขนสวยแลดูมีสุขภาพดี&nbsp; น้องเชื่องและคุ้นกับคนมาก ตัวเล็กๆสามารถอุ้มขึ้นมาถ่ายภาพได้ด้วย</span></p><p style=\"margin-left:0px;text-align:justify;\"><span style=\"background-color:rgb(255,255,255);color:rgb(85,85,85);\">อยากได้มุมถ่ายภาพตรงไหน บอกทางคนดูแลได้&nbsp; เขาจะเอาอาหารน้อง คือ กระถินมาวางให้น้องทานตรงนั้น เราก็จะได้ถ่ายรูปได้ง่ายขึ้น มีพรอพอะไรก็จัดมาให้หมด</span></p><p style=\"margin-left:0px;text-align:justify;\"><span style=\"background-color:rgb(255,255,255);color:rgb(85,85,85);\">หากอยากให้น้องมารุมเยอะๆเอายอดกระถินให้น้องเอง น้องก็จะรักเราขึ้นมาในทันที</span></p><p style=\"margin-left:0px;text-align:justify;\"><span style=\"background-color:rgb(255,255,255);color:rgb(85,85,85);\">ให้อาหารแล้ว ก็เดินเล่นชมวิว รับลม มองวิวกันต่อ เป็นการมาถ่ายรูปน้องแพะ น้องแกะ ที่รู้สึกชอบในบรรยากาศมาก ชิลสุดๆ นักท่องเที่ยวไม่เยอะ และมีความเป็นธรรมชาติจริงๆ วิวภูเขา ผืนหญ้า และฝูงสัตว์ ต่างๆ ที่มาประกอบกัน มีความเป็นธรรมชาติ ลงตัวสุดๆ ที่สำคัญคนดูแลฟาร์มที่เป็นชาวบ้าน น่ารักและใจดีมากค่ะ จึงทำให้การมาเที่ยวเขื่อนปราณบุรี เพื่อมาถ่ายรูปแพะ รอบนี้ เต็มเปี่ยมไปด้วยรอยยิ้ม</span></p><hr><h3 style=\"margin-left:0px;text-align:justify;\"><span style=\"color:rgb(255,102,0);\">ชมทัศนียภาพที่สวยงามบริเวณสันเขื่อนปราณบุรี</span></h3><p style=\"margin-left:0px;text-align:justify;\"><span style=\"background-color:rgb(255,255,255);color:rgb(85,85,85);\">เขื่อนปราณบุรี ตั้งอยู่ที่ในอำเภอ ปราณบุรี จังหวัดประจวบคีรีขันธ์ เป็นเขื่อนดินกั้นแม่น้ำปราณบุรี มีสันเขื่อนยาว 1,500 เมตร กว้าง 8 เมตร สูง 42 เมตร นอกจากที่นี่จะเป็นเขื่อนกักเก็บน้ำที่สำคัญของปราณบุรี ยังเป็นสถานที่ท่องเที่ยวที่มีทิวทัศน์สวยงามของภูเขาและต้นไม้เขียวชอุ่ม</span><strong> &nbsp;</strong><span style=\"background-color:rgb(255,255,255);color:rgb(85,85,85);\">ช่วงเวลาที่สวยงาม คือ ช่วงพระอาทิตย์ตกดิน ที่จะได้เห็ยนลำแสงสีทองตัดไปกับทิวเขาเป็นภาพที่สวยงามอีกช่วงเวลาหนึ่ง</span></p><p style=\"margin-left:0px;text-align:justify;\">เมื่อเข้าสู่พื้นที่ของเขื่อนปราณบุรี จุดแรกที่จะถึงก่อน &nbsp;คือ<strong> </strong>สันเขื่อนปราณบุรี มีถนนเลียบเขื่อนทอดยาว สามารถขับรถเข้าไปจอดบนบริเวณสันเขื่อน เพื่อชมทัศนียภาพที่สวยงามของผืนน้ำที่ถูกโอบล้อมด้วยภูเขา ช่วงเวลาที่แนะนำ คือ ช่วงเช้าหรือในช่วงเย็น เพราะแดดจะไม่ร้อนมาก แต่ถ้าใครมีจุดหมายเพื่อมาถ่ายรูปแพะแกะ ก็แวะมาเที่ยวที่นี่ก่อนหรือขากลับได้</p><p style=\"text-align:justify;\"><span style=\"background-color:rgb(255,255,255);color:rgb(85,85,85);\">ช่วงน้ำลดมองเห็นเกาะแก่งที่อยู่ในเขื่อนได้แบบชัดเจน ทิวทัศน์โดยรอบเขียวขจีไปด้วยต้นไม้ เห็นวิวรอบทิศแบบ 360 องศา มองแล้วสบายตา อากาศบริสุทธิ์สดชื่น ลมพัดเย็นสบาย</span></p><hr><h2 style=\"margin-left:0px;text-align:justify;\"><span style=\"background-color:transparent;color:rgb(255,102,0);\">วิวทิวทัศน์ระหว่างทางของเขื่อนปราณบุรี</span></h2><p style=\"margin-left:0px;text-align:justify;\">หลังจากกลับมาจากการชมน้องแพะ ไปต่อที่สันเขื่อนปราณบุรี ช่วงที่เป็นถนนคอนกรีต ระหว่างทางมองเห็นวิวของเขื่อนในบางช่วง ที่มีความสวยงาม มองแล้วเหมือนต่างประเทศมาก ทั้งภูเขาเขียว ผืนน้ำ และท้องฟ้า อดใจไม่ไหว ที่ต้องขับรถเข้าไปถ่ายภาพ วิวสวยสะกดตามาก</p><hr><p style=\"text-align:justify;\"><a href=\"https://www.paiduaykan.com/%e0%b8%8a%e0%b8%b2%e0%b8%a2%e0%b8%ab%e0%b8%b2%e0%b8%94%e0%b8%9b%e0%b8%a3%e0%b8%b2%e0%b8%93%e0%b8%9a%e0%b8%b8%e0%b8%a3%e0%b8%b5/\">ที่มา : ไปด้วยกัน (paiduaykan.com)</a></p>', '<iframe width=\"560\" height=\"315\" src=\"https://www.youtube-nocookie.com/embed/IOrlDoSHtg4?si=dJuXJnFK-dGKKMMD\" title=\"YouTube video player\" frameborder=\"0\" allow=\"accelerometer; autoplay; clipboard-write; encrypted-media; gyroscope; picture-in-picture; web-share\" referrerpolicy=\"strict-origin-when-cross-origin\" allowfullscreen></iframe>', '<iframe src=\"https://www.google.com/maps/embed?pb=!1m18!1m12!1m3!1d3895.890239294165!2d99.79145197481267!3d12.457029925951439!2m3!1f0!2f0!3f0!3m2!1i1024!2i768!4f13.1!3m3!1m2!1s0x30fc51e921023805%3A0xebaef1d4a3bba67a!2z4LmA4LiC4Li34LmI4Lit4LiZ4Lib4Lij4Liy4LiT4Lia4Li44Lij4Li1!5e0!3m2!1sth!2sth!4v1717216826232!5m2!1sth!2sth\" width=\"600\" height=\"450\" style=\"border:0;\" allowfullscreen=\"\" loading=\"lazy\" referrerpolicy=\"no-referrer-when-downgrade\"></iframe>', 1, '2024-06-01 09:35:29'),
(33, 'Pranberry ปราณเบอรี่', 46, 'tv_665aa8f63797d18b04fb2d0d3969add751717217526.jpg', '<h1 style=\"text-align:justify;\">Pranberry &nbsp;ที่พักและฟาร์มคาเฟ่สุดคิลท์แห่งปราณบุรี</h1><p style=\"text-align:justify;\"><strong>Pranberry ปราณเบอรี่</strong><span style=\"background-color:rgb(255,255,255);color:rgb(85,85,85);\"> ที่พักและฟาร์มคาเฟ่สุดคิลท์ในอำเภอปราณบุรี &nbsp;ในส่วนของคาเฟ่ &nbsp;</span><strong>Pranberry field</strong><span style=\"background-color:rgb(255,255,255);color:rgb(85,85,85);\"> &nbsp;ปราณเบอร์รี่ ฟีลด์ โดดเด่นด้วยมุมซิกเนเจอร์ เคาน์เตอร์สีเขียวอ่อนที่มีความละมุนคลุมโทน ความน่ารักยังไม่หมด เข้าไปข้างในต้องว้าว กับบ้านไม้หน้าต่างกระจก ตกแต่งมุ้งมิ้งน่ารักอบอุ่น พื้นที่โดยรอบรายล้อมด้วยต้นไม้ สวนดอกไม้ และแปลงผัก มีความเป็นสวนสไตล์อังกฤษนิดๆ ติดคาเฟ่ยังมีที่พัก </span><strong>Pranberry Earth ปราณเบอรี่เ</strong><span style=\"background-color:rgb(255,255,255);color:rgb(85,85,85);\">อิ</span><strong>ร์ธ</strong><span style=\"background-color:rgb(255,255,255);color:rgb(85,85,85);\"> เป็นบ้านดินตกแต่งแบบบาหลี ตรงกลางมีสระน้ำ ห้องพักน่ารัก เงียบสงบเป็นส่วนตัว&nbsp; ตื่นมาได้ยินเสียงนกร้องสุดฮีลใจ&nbsp; แม้ไม่ติดทะเล แต่เทใจให้ Pranberry ไปเต็ม</span></p><p style=\"text-align:justify;\"><strong>Pranberry ปราณเบอรี่</strong><span style=\"background-color:rgb(255,255,255);color:rgb(85,85,85);\"> ตั้งอยู่ไม่ไกลจากน้ำปราณบุรี แรกเริ่มคือ &nbsp;</span><strong>Pranberry Earth ปราณเบอรี่เอิร์ธ</strong><span style=\"background-color:rgb(255,255,255);color:rgb(85,85,85);\"> ที่พักแบบบ้านดินสีส้ม ตกแต่งในสไตล์บาหลี ร่มรื่นเว้นต้นไม้น้อยใหญ่ ที่นี่ปลูกดอกไม้เยอะมาก ซึ่งดอกไม้ส่วนใหญ่ คือพันธุ์ไทยที่เห็นได้เวลาไปต่างจังหวัด พอมารวมหลายต้น กันหลายสี หลายพันธุ์ มองแล้วสดชื่นสบายตา</span></p><p style=\"text-align:justify;\"><span style=\"background-color:rgb(255,255,255);color:rgb(85,85,85);\">ข้างใน คือ อาคารห้องพัก มีสระน้ำขนาดเล็กทรงสี่เหลี่ยม อยู่ตรงกลาง มีมุมที่นั่งส่วนกลางสำหรับทานอาหารเช้า บรรยากาศโดยรวมเงียบสงบร่มรื่น ห้องพักของ ปราณเบอรี่เอิร์ธ ที่พักมี 8 ห้องเท่านั้น ทั้งห้องพักแบบ 2 ท่าน 3 ท่าน ห้องพักสำหรับครอบครัวพักได้ถึง 5-6 ท่าน</span></p><p style=\"text-align:justify;\"><span style=\"background-color:rgb(255,255,255);color:rgb(85,85,85);\">ห้องที่เราพัก คือ ห้องดับเบิ้ลรูม 103 พักได้ 2 คน จองผ่านอโกด้าในราคา 2,079 บาท รวมอาหารเช้า ภายในห้องพักสะอาด และสะดวกสบายมาก ทั้ง เตียงนอนขนาดใหญ่ มุมนั่งเล่น โต๊ะทำงาน มุมวางของ และโต๊ะวางมินิบาร์ ในส่วนของห้องน้ำขนาดกำลังพอดี แยกโซนแห้ง เปียก และที่ชอบมาก คือ ผลิตภัณฑ์ประทินผิวต่างๆ ทางที่พักทำเองเป็นแบบออแกนนิค แอบมีมุมน่ารักหน้ากระจก เป็นผงยาสีฟันสมุนไพร ผงขัดหน้า ที่ทางทำเอง ใส่มาในถ้วยเล็กๆให้ได้ใช้ ยาสีฟันสมุนไพร ใช้ดีมากมากจนอยากขอซื้อกลับไปใช้ที่บ้าน แต่ไม่มีขาย</span></p><p style=\"text-align:justify;\"><span style=\"background-color:rgb(255,255,255);color:rgb(85,85,85);\">ส่วนคาเฟ่ </span><strong>Pranberry field</strong><span style=\"background-color:rgb(255,255,255);color:rgb(85,85,85);\"> ตั้งอยู่ด้านนอกที่พัก แต่ติดกัน เหตุผลที่เลือกพักที่นี่ นอกจากชอบในตัวที่พักเพราะชอบคาเฟ่ด้วย หากใครไม่ได้พักที่นี่ ก็แวะมาเที่ยวถ่ายรูปที่คาเฟ่ได้&nbsp; เป็นคาเฟ่ที่ตกแต่งได้น่ารักมาก โดยเฉพาะมุมหน้าทางเข้า มีเคาน์เตอร์สั่งเครื่องดื่มสีเขียวอ่อน ตั้งอยู่ตรงกลางที่มีความมินิมอล ทางเดินขนาบด้วยโต๊ะเก้าอี้ไม้แบบวินเทจ ประดับด้วยต้นไม้เลื้อย ดอกไม้ มีความอาร์ตวินเทจนิดๆ ถ่ายรูปสวยโทนดีทุกมุม</span></p><p style=\"margin-left:0px;text-align:justify;\">ด้านหลังเคาน์เตอร์บาร์ ยังมีมุมอาร์ต เป็นภาพวาดทะเลเล่นสีแดงส้มแบบมุมที่นั่งอีกมุม ที่มาในแนวแบบเก๋ๆ ทุกมุมของที่ จะเต็มไปด้วยต้นไม้ที่วางประดับโดยรอบ</p><p style=\"margin-left:0px;text-align:justify;\"><span style=\"background-color:rgb(255,255,255);color:rgb(85,85,85);\">ตอนแรกนึกว่า </span><strong>Pranberry field</strong><span style=\"background-color:rgb(255,255,255);color:rgb(85,85,85);\"> จะมีแค่มุมข้างหน้า แต่ความว้าวบังเกิด เมื่อเดินผ่านซุ้มไม้เลื้อยเข้าไปข้างใน แล้วเห็นโซนที่นั่งอีกโซน เป็นบ้านไม้หน้ากรุกระจก น่ารักมาก ตกแต่งสวยเกินเบอร์ ข้างในเป็นห้องแอร์ เย็นสบาย เห็นวิวสวนสวยข้างนอก หลังคายังเป็นแบบหลังคาใส เพิ่มลูกเล่นด้วยกิ่งใบไม้ที่วางบนหลังคา ช่วยกรองแสง เวลาแสงส่องผ่านลงมา ได้ความแสงเงา แสงสวย โดยเฉพาะในตอนเช้าแสงจะส่องลงมาแบบเต็ม</span></p><p style=\"margin-left:0px;text-align:justify;\">เกือบทุกมุม ตกแต่งด้วยกระถางต้นไม้ ของประดับกระจุกกระจิก ให้ความรู้สึกผ่อนคลาย น่ารักอบอุ่น เหมือนนั่งเล่นอยู่ในบ้านหลังน้อยกลางสวนสไตล์ ประกอบกับดนตรีที่เปิดคลอเป็นเพลงฝรั่งจังหวะ เข้ากับการตกแต่ง</p><p style=\"text-align:justify;\"><span style=\"background-color:rgb(255,255,255);color:rgb(85,85,85);\">เมนูของ&nbsp; Pranberry field&nbsp; มีทั้งเครื่องดื่มและเมนูจานเดียวแบบอาหารตะวันตกสำหรับทานเล่น &nbsp;ซึ่งเมนูมีไม่เยอะมาก เช่น สลัด ครัวซอง แฮมชีท ของหวานมี ฮันนี่โทส เครื่องดื่ม สั่งน้ำบ๊วยโซดา รสชาติสดชื่น อากาศร้อนๆดื่มแล้วชื่นใจ อาหารทานเล่น สั่ง Mix green salad สลัดผักที่นำผักจากฟาร์มที่ปลูกเองมาเป็นวัตถุดิบโรยหน้าด้วยชีส และน้ำสลัดแบบใสแบบน้ำงาดำที่ทางร้านทำเอง รสชาติดี &nbsp;ที่ติดใจ คือ Bruschetta บรูสเกต้า เป็นขนมปังปิ้งสไตล์อิตาเลียน โดดเด่นด้วยรสน้ำมันมะกอก มีส่วนประกอบของมะเขือเทศและกระเทียม โรยด้วยชีส รสชาติอร่อยมาก</span></p><p style=\"text-align:justify;\"><span style=\"background-color:rgb(255,255,255);color:rgb(85,85,85);\">นอกจากมุมที่นั่งในห้องแอร์ ด้านนอกยังมีโซนเอาท์ดอร์ในสวน ที่ตั้งอยู่ท่ามกลางต้นไม้ ตกแต่งสวยงามเช่นกัน ใครชอบสัมผัสกับธรรมชาติ อากาศแบบโล่งๆ ก็นั่งในมุมนี้ได้ แต่น่าจะเหมาะสำหรับนั่งในช่วงที่อากาศไม่ร้อนมาก</span></p><p style=\"text-align:justify;\"><span style=\"background-color:rgb(255,255,255);color:rgb(85,85,85);\">มีแปลงผัก และสวนดอกไม้ขนาดย่อม ให้ได้เดินชมสวย ถ่ายรูป</span></p><p style=\"margin-left:0px;text-align:justify;\">มื้อเช้า นอกจากนั่งทานที่โซนทานอาหารในที่พักแล้ว ยังสามารถมาทานที่คาเฟ่ได้ค่ะ อาหารเช้าเป็นชุดอเมริกันเบรคฟาสท์ และขนมปังพร้อมเนยและแยมเสาวรส</p><p style=\"margin-left:0px;text-align:justify;\"><strong>Pranberry ปราณเบอรี่</strong><span style=\"background-color:rgb(255,255,255);color:rgb(85,85,85);\"> เป็นอีกหนึ่งมุมน่ารัก น่าพัก แห่งปราณบุรี&nbsp; ดีงามทุกอย่าง ทั้งห้องพัก การบริการ อาหาร บรรยากาศมีความเป็นธรรมชาติมากๆ ทั้งต้นไม้ที่ร่มรื่น ความเงียบสงบ&nbsp; มาเที่ยวปราณบุรีครั้งหน้าปักหมุดไว้เลย</span></p><p style=\"margin-left:0px;text-align:justify;\"><span style=\"background-color:rgb(255,255,255);color:rgb(85,85,85);\">เปิดให้บริการ :ทุกวัน 08:30 น.-19:00 น.</span></p><hr><p style=\"text-align:justify;\"><a href=\"https://www.paiduaykan.com/pranberry/\">ที่มา : ไปด้วยกัน (paiduaykan.com)</a></p>', '<iframe width=\"560\" height=\"315\" src=\"https://www.youtube-nocookie.com/embed/Mmh8MJI_WU4?si=qUjjIOmWlwHOQCNI\" title=\"YouTube video player\" frameborder=\"0\" allow=\"accelerometer; autoplay; clipboard-write; encrypted-media; gyroscope; picture-in-picture; web-share\" referrerpolicy=\"strict-origin-when-cross-origin\" allowfullscreen></iframe>', '<iframe src=\"https://www.google.com/maps/embed?pb=!1m18!1m12!1m3!1d1948.7007197681917!2d99.9950339983948!3d12.356020200000003!2m3!1f0!2f0!3f0!3m2!1i1024!2i768!4f13.1!3m3!1m2!1s0x30fdb157806023b1%3A0xe065388f4741c0c!2z4Lib4Lij4Liy4LiT4LmA4Lia4Lit4Lij4LmM4Lij4Li14LmIIOC5gOC4reC4tOC4o-C5jOC4mA!5e0!3m2!1sth!2sth!4v1717217516471!5m2!1sth!2sth\" width=\"600\" height=\"450\" style=\"border:0;\" allowfullscreen=\"\" loading=\"lazy\" referrerpolicy=\"no-referrer-when-downgrade\"></iframe>', 1, '2024-06-01 09:35:40'),
(34, 'BAMP Beach Camp & Cafe  บีชคาเฟ่', 46, 'tv_665aa9b27b3c52ba3db3e2030114f09531717217714.jpg', '<h1 style=\"text-align:justify;\">BAMP Beach Camp &amp; Cafe &nbsp;บีชคาเฟ่สไตล์แคมป์ปิ้งสุดเก๋ ริมทะเลปราณ</h1><p style=\"text-align:justify;\"><span style=\"background-color:rgb(255,255,255);color:rgb(85,85,85);\">เที่ยวปราณบุรี แชะภาพออนเดอะบีช ที่ </span><strong>BAMP Beach Camp &amp; Cafe</strong><span style=\"background-color:rgb(255,255,255);color:rgb(85,85,85);\"> คาเฟ่ริมทะเลปากน้ำปราณ บนหาดทราย ตกแต่งสไตล์แคมป์ปิ้งสุดชิค โครงสร้างเน้นวัสดุจากไม้ไผ่ เปิดโล่งรับกลิ่นไอแดดและลมจากทะเล&nbsp; เพิ่มกิมมิคสุดเก๋ตรงกลางมีช่องวงกลมขนาดใหญ่ ให้แสงลอดผ่าน มองเห็นท้องฟ้าประดับด้วยผ้าริ้วไหวระย้า ได้ฟีลของความเป็นบาหลีนิดๆ&nbsp; จะนั่งชิลล์รับลมริมทะเล ถ่ายรูปเล่น จิบดื่มเครื่องดื่มเย็นๆให้สดชื่น ทางร้านมีทั้งเครื่อง Coffee และ Non-Coffee รวมทั้งขนมทานเล่น ที่นี่ยังเป็น pet friendly&nbsp; สามารถพาสัตว์เลี้ยงมาได้ทุกโซนของร้าน</span></p><p style=\"text-align:justify;\"><strong>BAMP Beach Camp &amp; Cafe</strong><span style=\"background-color:rgb(255,255,255);color:rgb(85,85,85);\"> ตั้งอยู่ในอำเภอปราณบุรี ใกล้ปากน้ำปราณบุรี ไม่ไกลจากหัวหิน อยู่ติดกับร้าน &nbsp;&nbsp;1 day artist &nbsp;ตัวร้านเป็นวงกลมสร้างด้วยไม้ไผ่หลังคามุงด้วยจาก ประดับด้วยผ้าสีครีมรอบร้าน มีที่นั่งเป็นแบบเก้าอี้แคมป์ปิ้งด้านหลังเพนท์ตัวอักษรชื่อร้านสีแดงช่วยเพิ่มความโดดเด่น</span></p><p style=\"text-align:justify;\"><span style=\"background-color:rgb(255,255,255);color:rgb(85,85,85);\">รวมทั้งเก้าอี้ชายหาด ที่ตั้งอยู่บริเวณด้านหน้า มองเห็นวิวทะเลแบบเต็มๆ</span></p><p style=\"margin-left:0px;text-align:justify;\">มาถึงร้าน อันดับแรกไปที่ เคาน์เตอร์สั่งเครื่องดื่มและขนม เมื่อสั่งแล้วชำระเงิน พนักงานจะให้สัญญาณเรียก เมื่อได้ของแล้วให้ไปรับเองที่เคาน์เตอร์ &nbsp;สั่งเครื่องดื่ม Starry night คล้ายกับอิตาเลี่ยนโซดา เครื่องดื่มเล่นสีสวย รสชาติเปรี้ยวหวานสดชื่น ทานกับเมนูทานเล่นขลุ่ยกุ้ง อีกหนึ่งเมนูซิกเนอร์เจอร์ของร้าน</p><p style=\"text-align:justify;\"><span style=\"background-color:rgb(255,255,255);color:rgb(85,85,85);\">มุมที่นั่งในโซนด้านนอก ตกแต่งแบบแคมป์ปิ้ง ทั้งที่นั่งในฟลายชีท และมุมอื่นๆ มาร้าน BAMP Beach Camp อยากนั่งชิลๆ แนะนำช่วงเย็นอากาศจะไม่ร้อนมาก แต่ถ้ามาช่วงกลางวัน คือ ร้อนเพราะรับแสงแดดจัดเต็ม</span></p><p style=\"text-align:justify;\"><span style=\"background-color:rgb(255,255,255);color:rgb(85,85,85);\">บริเวณด้านหน้าจัดมุมสำหรับถ่ายภาพไว้ ทั้งมุมเก้าอี้ริมชายหาด พร้อมป้ายร้านสีแดง เป็นมุมซิเนเจอร์ ที่ใครๆต้องเดินมาถ่ายรูป รวมทั้งมุมเก้าอี้ไม้ริมทะเล เสียดายที่ฟ้าไม่ใส อากาศจะทึมนิดหน่อย ทำให้ไม่เห็นความเป็นสีฟ้าของน้ำทะเลมากนัก หาดทราย ที่ตัดกับท้องฟ้ามากนัก เที่ยวทะเลปราณ นั่งคาเฟ่ริมหาด แวะมากสัมผัสบรรยากาศริมทะเลแบบเต็มๆ ที่ </span><strong>BAMP Beach Camp &amp; Cafe</strong><span style=\"background-color:rgb(255,255,255);color:rgb(85,85,85);\">&nbsp;</span></p>', '<iframe width=\"560\" height=\"315\" src=\"https://www.youtube-nocookie.com/embed/0t29jdDZcg4?si=bsj4xDFYgBs1y3LO\" title=\"YouTube video player\" frameborder=\"0\" allow=\"accelerometer; autoplay; clipboard-write; encrypted-media; gyroscope; picture-in-picture; web-share\" referrerpolicy=\"strict-origin-when-cross-origin\" allowfullscreen></iframe>', '<iframe src=\"https://www.google.com/maps/embed?pb=!1m18!1m12!1m3!1d3896.2214281456195!2d99.97676287481238!3d12.434962126416975!2m3!1f0!2f0!3f0!3m2!1i1024!2i768!4f13.1!3m3!1m2!1s0x30fdb3b1fcdf68ff%3A0x89c9249dc74b1b5a!2sBamp%20%3A%20beach%20%26%20cafe!5e0!3m2!1sth!2sth!4v1717217706840!5m2!1sth!2sth\" width=\"600\" height=\"450\" style=\"border:0;\" allowfullscreen=\"\" loading=\"lazy\" referrerpolicy=\"no-referrer-when-downgrade\"></iframe>', 1, '2024-06-01 09:35:54'),
(35, 'วนอุทยานปราณบุรี ', 47, 'tv_665aaa9981a6cff533750ff5035829eda1717217945.jpg', '<h1 style=\"text-align:justify;\">วนอุทยานปราณบุรี เส้นทางเดินศึกษาธรรมชาติป่าชายเลน</h1><p style=\"text-align:justify;\"><strong>วนอุทยานปราณบุรี</strong><span style=\"background-color:rgb(255,255,255);color:rgb(85,85,85);\"> &nbsp;ตั้งอยู่ในอำเภอปราณบุรี จังหวัดประจวบคีรีขันธ์&nbsp; สถานที่ท่องเที่ยวเชิงอนุรักษ์ธรรมชาติ ที่นอกจากจะมีชายหาดบรรยากาศสวยงามและสงบเงียบให้เที่ยวชมแล้ว ยังมีเส้นทางให้เดินศึกษาระบบนิเวศป่าชายเลนระยะทางยาว 1 กิโลเมตร โดยจัดทำเป็นสะพานไม้ยกระดับ สามารถเที่ยวชมและศึกษาเกี่ยวกับทรัพยากรธรรมชาติ ระบบนิเวศป่าชายเลนอย่างใกล้ชิด บริเวณทางเดินติดตั้งป้ายสื่อความหมายตลอดเส้นทาง</span></p><p style=\"text-align:justify;\"><span style=\"background-color:rgb(255,255,255);color:rgb(85,85,85);\">เส้นทางศึกษาธรรมชาติจัดทำเป็นสะพานไม้ทอดยาวประมาณ 1 กิโลเมตร ลัดเลาะไปตาม ป่าชายเลน&nbsp; ชมพันธุ์ไม้ชนิดต่างๆ ทั้ง โกงกาง โปรงแดง ตะบูนดำ&nbsp; เริ่มต้นผ่านเดินผ่านทางเจ้า มาถึงบริเวณที่นั่งวงกลม ป้ายบอกเลี้ยวซ้าย แต่จะเดินเลี้ยวขวาไปก่อนก็ได้ ฝั่งนี้จะมีต้นไม้ที่มีรากไม้สวยให้ถ่ายรูป</span></p><p style=\"text-align:justify;\"><span style=\"background-color:rgb(255,255,255);color:rgb(85,85,85);\">เลี้ยวขวามาจะเจอกับ ต้นโกงกางที่มีรากแผ่สาขาใหญ่โต กลายเป็นศิลปะทางธรรมชาติที่งดงามแปลกตา</span></p><p style=\"text-align:justify;\"><span style=\"background-color:rgb(255,255,255);color:rgb(85,85,85);\">ว่าแล้วต้องแอคท่าถ่ายรูปกันสักหน่อย หรือจะนั่งนิ่งๆ ลองหลับตาฟังเสียงธรรมชาติ ช่วยเยียวยาได้ดีเลยทีเดียว</span></p><p style=\"text-align:justify;\"><span style=\"background-color:rgb(255,255,255);color:rgb(85,85,85);\">ระหว่างทางมีป้ายข้อมูลให้ความรู้เป็นระยะ บนเส้นทางเดินศึกษาธรรมชาติ นอกจากจะได้รู้จักกับพรรณไม้ต่างๆ ในป่าชายเลนแล้ว ยังได้เห็นสิ่งมีชีวิตตัวเล็กๆ ที่อาศัยอยู่ เช่น ปูก้ามดาบ หอยขี้กา กุ้งดีดขัน ที่ช่วยย่อยสลายอินทรียสารด้วยการกินใบโกงกางและพืชชนิดอื่นๆ แล้วย่อยออกมาเป็นมูล เป็นปุ๋ย ช่วยเพิ่มแร่ธาตุให้ดิน และยังช่วยในการหมุนเวียนของสารอาหารในระบบนิเวศป่าชายเลน</span></p><p style=\"text-align:justify;\"><span style=\"background-color:rgb(255,255,255);color:rgb(85,85,85);\">จากนั้นเดินย้อนกลับมายังเส้นทางเดิม เลี้ยวซ้ายไปจะเจอกับซุ้มต้นไม้ที่สวยงาม ช่วงแรกเป็นต้นโกงกาง เดินไปอีกนิด คือ กลุ่มของป่าโปรงแดง</span></p><p style=\"text-align:justify;\"><span style=\"background-color:rgb(255,255,255);color:rgb(85,85,85);\">ผ่านป่าโปรงแดง มาเจอต้นโกงกาง ที่มีรากไม้อลังการ</span></p><p style=\"text-align:justify;\"><span style=\"background-color:rgb(255,255,255);color:rgb(85,85,85);\">เดินมาถึงเส้นทางสุดท้ายเป็นส่วนของต้นโปรงมีหอคอยชมวิว ที่สามารถมองเห็นวิวทิวทัศน์ของป่าชายเลนอันเขียวขจีในมุมสูงได้แบบ 360 องศา เป็นจุดชมวิวมุมกว้างแบบไม่มีอะไรบดบังสายตา </span><strong>วนอุทยานปราณบุรี</strong><span style=\"background-color:rgb(255,255,255);color:rgb(85,85,85);\"> เส้นทางศึกษาธรรมชาติ ที่เดินได้แบบเพลิน มีจุดถ่ายรูปสวยให้ต้องหยุดเก็บภาพตลอด</span></p><hr><p style=\"text-align:justify;\"><a href=\"https://www.paiduaykan.com/%E0%B8%A7%E0%B8%99%E0%B8%AD%E0%B8%B8%E0%B8%97%E0%B8%A2%E0%B8%B2%E0%B8%99%E0%B8%9B%E0%B8%A3%E0%B8%B2%E0%B8%93%E0%B8%9A%E0%B8%B8%E0%B8%A3%E0%B8%B5/\">ที่มา : ไปด้วยกัน (paiduaykan.com)</a></p>', '<iframe width=\"560\" height=\"315\" src=\"https://www.youtube-nocookie.com/embed/5N-NBm8Czog?si=D9sj2YNae-BBag1M\" title=\"YouTube video player\" frameborder=\"0\" allow=\"accelerometer; autoplay; clipboard-write; encrypted-media; gyroscope; picture-in-picture; web-share\" referrerpolicy=\"strict-origin-when-cross-origin\" allowfullscreen></iframe>', '<iframe src=\"https://www.google.com/maps/embed?pb=!1m18!1m12!1m3!1d3896.545169842784!2d99.98296407481213!3d12.413353226872038!2m3!1f0!2f0!3f0!3m2!1i1024!2i768!4f13.1!3m3!1m2!1s0x30fdb222023e7753%3A0x64dd4c3e5345a66d!2z4Lin4LiZ4Lit4Li44LiX4Lii4Liy4LiZIOC4m-C4o-C4suC4k-C4muC4uOC4o-C4tQ!5e0!3m2!1sth!2sth!4v1717217937050!5m2!1sth!2sth\" width=\"600\" height=\"450\" style=\"border:0;\" allowfullscreen=\"\" loading=\"lazy\" referrerpolicy=\"no-referrer-when-downgrade\"></iframe>', 1, '2024-06-01 09:36:08'),
(36, 'วัดเขากะโหลก ปราณบุรี', 48, 'tv_665aab98783bc8ca197f2f3a71b7f374b1717218200.jpg', '<h1 style=\"text-align:justify;\">วัดเขากะโหลก ปราณบุรี</h1><p style=\"text-align:justify;\"><strong>วัดเขากะโหลก</strong><span style=\"background-color:rgb(255,255,255);color:rgb(85,85,85);\"> ตั้งอยู่ในอำเภอสามร้อยยอด ก่อนถึงหาดเขากะโหลก เป็นอีกวัดหนึ่งที่มีความสวยงามทางสถาปัตยกรรมมีพระวิหารสีทองอร่ามตาและลวดลายของพระวิหารและกำแพงที่รายล้อมสวยงาม บรรยากาศร่มรื่นสงบ เป็นธรรมชาติมองเห็นภูเขาของสามร้อยยอดอยู่รอบด้าน&nbsp;ด้านหน้าทางเข้ามียักษ์ 2 ตน เฝ้าหน้าประตูวัด ด้านหลังมีรูปปั้นของพระพิฆเนศอยู่บริเวณกำแพง ภายในพระวิหาร ก็จะประดิษฐานสิ่งศักดิ์สิทธิ์มากมายไม่ว่าจะเป็น กรมหลวงชุมพร เสร็จพ่อร.5 ที่น่าสนใจคงจะเป็นหลวงพ่อหว่าง อุตุตโม เจ้าอาวาองค์แรกของวัดเขากะโหลกแห่งนี้&nbsp; ในเวลากลางคืนเมื่อมีการเปิดไฟส่องไปยังตัวอุโบสถจะส่องประกายสีทองสวยงามมาก ปัจจุบันวัดนี้ได้รับความสนใจจากนักท่องเที่ยวที่เข้ามาถ่ายรูปเป็นที่ระลึก และยังมีประชาชนอีกไม่น้อยที่มีความศัทธาในตำนานสมบัติจระเข้จักรพรรดิ์ &nbsp;ซึ่งกลายเป็นวัตถุมงคลที่สิ่งศักดิ์สิทธิของวัดเขากะโหลก &nbsp;ชาวบ้านที่นำไปบูชาต่างบอกว่าโชคลาภเป็นยอด ค้าขายเป็นเยี่ยม</span></p><p style=\"margin-left:0px;text-align:justify;\"><strong>ตำนานสมบัติจระเข้จักรพรรดิ์</strong></p><p style=\"margin-left:0px;text-align:justify;\">มีเรื่องเล่ากันมาว่าก่อนนั้นมีเศรษฐีขี้เหนียวคนหนึ่ง ร่ำรวยมากแต่ไม่ทำบุญทำทาน&nbsp; ได้เงินมาเท่าไหร่รวบรวมเงินทองใส่โอ่งนำไปฝังไว้ที่ท่าน้ำ โดยไม่ให้ใครรู้เห็น ครั้นเมื่อเศรษฐีตายไปแล้วก็ไปเกิดเป็นจระเข้ ยังคงวนเวียนยึดติดกับทรัพย์สมบัติ คอยเฝ้าสมบัติอยู่ท่าน้ำหน้าบ้านตัวเอง อยู่มาวันหนึ่งก็ไปเข้าฝันลูกชายให้เอาสมบัติที่ท่าน้ำนั้นนำไปทอดกฐินและ สร้างกุศลที่เป็นประโยชน์แก่พระพุทธศาสนา ระหว่างที่เดินทางนำองค์กฐินแห่ไปทางเรือ&nbsp; จระเข้ตัวนั้นก็ว่ายน้ำตามไปด้วย ไปได้พักหนึ่งจึงบอกแก่ภรรยาว่า ตนตามไปด้วยไม่ได้แล้วเพราะเหนื่อยอ่อนเต็มที บุตรและภรรยาจึงวาดรูปจระเข้ที่ธงแล้วยกขึ้นไว้ในวัดที่ไปทอดกฐิน เมื่อพระสวดให้พรจบ จระเข้ตัวนั้นก็ขาดใจตาย จึงเกิดไปเป็นเทพที่ร่ำรวยบันดาลให้คนที่เคารพได้ทำมาค้าขึ้น ปลอดภัยต่ออันตรายทั่งปวง ตั้งแต่นั้นมาธงรูปจระเข้จึงปรากฏตามวัดต่างๆ เวลามีการทอดกฐิน&nbsp; ซึ่งว่ากันว่าจระเข้ที่วัดเขากระโหลกก็เป็นจระเข้ตัวเดียวกันกับจระเข้บนธงในงานทอดกฐิน</p><p style=\"margin-left:0px;text-align:justify;\"><strong>การเดินทาง</strong></p><p style=\"margin-left:0px;text-align:justify;\">รถส่วนตัว</p><p style=\"margin-left:0px;text-align:justify;\">วัดเขากะโหลก อยู่ห่างจากปากน้ำปราณไปทางทิศใต้ประมาณ 7 กิโลเมตร ตรงข้ามกับค่ายธนะรัชต์และที่ว่าการอำเภอปราณบุรี &nbsp;เข้าไปประมาณ 3 กิโลเมตร ถึงสามแยกแล้วเลี้ยวซ้ายอีกครั้งหนึ่ง ระยะทางประมาณ 2 กิโลเมตร ผ่านวัดนาห้วยแล้วเลี้ยวขวาอีก 6 กิโลเมตร จากนั้นขับเลาะเลียบผ่านเขากะโหลกเดินทางเลียบชายหาดวิ่งไปเรื่อยๆก็จะพบวัดเขากะโหลก<br>2.&nbsp;รถประจำทาง จากกรุงเทพ ขึ้นรถที่ ขนส่งสายใต้ใหม่ ตีตั๋วไปลงที่แยกปราญบุรี เลยหัวหินไปอีกนิด ลงที่แยกปราญบุรี จะมีรถสองแถวจาก แยกปราณ-สู่ปากน้ำ</p><p style=\"margin-left:0px;text-align:justify;\">รถไฟ</p><p style=\"margin-left:0px;text-align:justify;\">เที่ยวแรกประมาณ7.20&nbsp;น. ขึ้น ที่สถานรถไฟ บางกอกน้อย ตีตั๋วไป ลงที่สถานีปราณบุรี นั่งสองแถวเข้าไปเหมือนกัน</p><hr><p style=\"margin-left:0px;text-align:justify;\"><a href=\"https://www.paiduaykan.com/%E0%B8%A7%E0%B8%B1%E0%B8%94%E0%B9%80%E0%B8%82%E0%B8%B2%E0%B8%81%E0%B8%B0%E0%B9%82%E0%B8%AB%E0%B8%A5%E0%B8%81/\">ที่มา : ไปด้วยกัน (paiduaykan.com)</a></p>', '<iframe width=\"560\" height=\"315\" src=\"https://www.youtube-nocookie.com/embed/nYsNh3uq3Y0?si=nkVzkF3ZthW_0LUU\" title=\"YouTube video player\" frameborder=\"0\" allow=\"accelerometer; autoplay; clipboard-write; encrypted-media; gyroscope; picture-in-picture; web-share\" referrerpolicy=\"strict-origin-when-cross-origin\" allowfullscreen></iframe>', '<iframe src=\"https://www.google.com/maps/embed?pb=!1m18!1m12!1m3!1d3897.713482149523!2d99.9939171748111!3d12.335061628514655!2m3!1f0!2f0!3f0!3m2!1i1024!2i768!4f13.1!3m3!1m2!1s0x30fdb6af456aba95%3A0x5a6cd9c13188faff!2z4Lin4Lix4LiU4LmA4LiC4Liy4LiB4Liw4LmC4Lir4Lil4LiB!5e0!3m2!1sth!2sth!4v1717218185953!5m2!1sth!2sth\" width=\"600\" height=\"450\" style=\"border:0;\" allowfullscreen=\"\" loading=\"lazy\" referrerpolicy=\"no-referrer-when-downgrade\"></iframe>', 1, '2024-06-01 05:03:20'),
(37, 'หาดเขากะโหลก', 44, 'tv_665aac64b432e094b46735cf896cd23441717218404.jpeg', '<h1 style=\"text-align:justify;\">หาดเขากะโหลก</h1><p style=\"text-align:justify;\"><strong>หาดเขากะโหลก</strong><span style=\"background-color:rgb(255,255,255);color:rgb(85,85,85);\"> ตั้งอยู่ไม่ไกลจากวัดเขากะโหลก เป็นชายหาดที่ทอดยาวต่อเนื่องจากหาดปราณบุรีจนถึงเขากะโหลก หาดทรายสีน้ำตาลอ่อนละเอียดแลดูสะอาดตา บรรยากาศลมเย็นสบายเงียบสงบ ทางใต้ของหาดมีเขาเล็กๆ ลูกหนึ่งที่มีรูปร่างคล้ายกับกะโหลกศีรษะตั้งตระหง่านอยู่ ชาวบ้านจึงขนานนามเขาลูกนี้ว่า เขากะโหลก และเป็นอีกหนึ่งสถานที่ท่องเที่ยวทางธรรมชาติที่เงียบสงบซึ่งเหมาะแก่การพักผ่อนหย่อนใจเป็นอย่างยิ่ง</span></p>', '<iframe width=\"560\" height=\"315\" src=\"https://www.youtube-nocookie.com/embed/e96JKjdsXUM?si=An_W20Z5kdtW5cRY\" title=\"YouTube video player\" frameborder=\"0\" allow=\"accelerometer; autoplay; clipboard-write; encrypted-media; gyroscope; picture-in-picture; web-share\" referrerpolicy=\"strict-origin-when-cross-origin\" allowfullscreen></iframe>', '<iframe src=\"https://www.google.com/maps/embed?pb=!1m18!1m12!1m3!1d3897.653706763724!2d99.99378039678953!3d12.339079200000013!2m3!1f0!2f0!3f0!3m2!1i1024!2i768!4f13.1!3m3!1m2!1s0x30fdb6ac26a913fb%3A0x3076a7d4b742ac8c!2sKhao%20Kalok%20Beach!5e0!3m2!1sth!2sth!4v1717218392928!5m2!1sth!2sth\" width=\"600\" height=\"450\" style=\"border:0;\" allowfullscreen=\"\" loading=\"lazy\" referrerpolicy=\"no-referrer-when-downgrade\"></iframe>', 1, '2024-06-01 09:36:30'),
(38, 'ถนนคนเดินปราณบุรี', 49, 'tv_665aad3b3ef462b5336c665e2fc437d451717218619.jpg', '<h1 style=\"text-align:justify;\">ถนนคนเดินปราณบุรี</h1><p style=\"text-align:justify;\"><strong>ถนนคนเดินปราณบุรี</strong><span style=\"background-color:rgb(255,255,255);color:rgb(85,85,85);\">&nbsp; หรือ&nbsp;</span><strong>ถนนคนเดินตลาดเก่าปราณบุรี</strong><span style=\"background-color:rgb(255,255,255);color:rgb(85,85,85);\">&nbsp;มีความเก่าแก่มากกว่า 200 ปี ยังคงรักษาสภาพความเป็นตลาดเก่าไว้ได้อย่างดี &nbsp;ได้จัดให้มีถนนคนเดินแถวตลาดเก่าปราณบุรี ซึ่งประกอบด้วยร้านค้า ร้านขายของที่ระลึก &nbsp;และบรรดาบ้านเรือนที่เรียงรายอยู่ และได้พร้อมใจกันปรับปรุงและรักษาให้กลายเป็นถนนคนเดินปราณบุรีในบรรยากาศย้อนยุค ให้ผู้มาเยือนได้สัมผัสกลิ่นอายของวันวาน ในรูปแบบของความเป็นไทยตามวิถีชีวิตชาวบ้านแบบดั้งเดิม ยังคงไว้ซึ่งความเป็นอัตลักษณ์แห่งวิถีชีวิตชุมชนชาวปราณบุรี</span></p><p style=\"text-align:justify;\"><strong>ปราณบุรี</strong><span style=\"background-color:rgb(255,255,255);color:rgb(85,85,85);\"> ถือว่าเป็นเมืองเก่ามาก่อน บริเวณชุมชนหน้าสถานีรถไฟปราณบุรีนี้ เป็นชุมชนใหญ่ มีสถานที่สำคัญ ๆ เช่น ที่ว่าการอำเภอ สถานีตำรวจ &nbsp;โรงเรียน &nbsp;วัด &nbsp;ต่อมาเมื่อการคมนาคมเจริญขึ้นถนนเพชรเกษมมีสี่เลน การเดินทางสะดวก จึงมีการย้ายที่ว่าการอำเภอ และสถานที่ราชการอื่น ๆ ไปอยู่ที่ศูนย์ราชการใกล้กับค่ายธนรัชต์ความเจริญต่าง ๆกลับไปอยู่บริเวณสี่แยกปราณบุรีริมถนนเพชรเกษม &nbsp;ชุมชนหน้าสถานีรถไฟจึงเหมือนถูกทอดทิ้งไปนานจนกระทั่ง&nbsp;อ.วิลาศ &nbsp;แดงเกตุ&nbsp;ได้ริเริ่มจัดให้มีถนนคนเดินเพื่อฟื้นฟูชุมชนนี้ขึ้นมาอีก เมื่อ 14 สิงหาคม 2553 จนถึงปัจจุบัน</span></p><p style=\"text-align:justify;\"><span style=\"background-color:rgb(255,255,255);color:rgb(85,85,85);\">ร้านค้าต่าง ๆ ในบริเวณถนนคนเดินปราณบุรี &nbsp;ก็มีทั้งร้านแบบโบราณ ปูเสื่อ ปูผ้า แบบกะดิน วางสินค้า มีทั้งรถเข็น มีทั้งแผงลอย และร้านที่อยู่ในอาคาร &nbsp;สินค้าก็มีทุกชนิด ทั้งของกิน ของใช้ทั้งยุคเก่า และยุคใหม่ &nbsp;มีให้ผู้สนใจเลือกช้อปกันตามความพอใจ</span></p><p style=\"text-align:justify;\"><span style=\"background-color:rgb(255,255,255);color:rgb(85,85,85);\">เดินมาสะดุดตากับบ้านหลังนี้ บ้านอาม่า&nbsp; ที่เต็มไปด้วยของโบราณต่างๆ ร้านนี้ขายของย้อนยุค ทั้งของกิน ของใช้ เป็นอีกหนึ่งร้านขึ้นชื่อของถนนคนเดินปราณบุรี</span></p><p style=\"text-align:justify;\"><span style=\"background-color:rgb(255,255,255);color:rgb(85,85,85);\">ร้านกาแฟโปรดปราน อีกหนึ่งร้านดังในบรรยากาศย้อยยุค เป็นอีกสถานที่หนึ่งที่ผู้คนมาเดินเที่ยวตลาดเก่าปราณบุรีแล้วจะต้องหยุดแวะถ่ายรูป เรียกว่าเป็นแลนด์มาร์คได้เลย ตัวร้านเป็นบ้านไม้เก่า 2 ชั้น หน้าร้านมีจักรยานแนววินเทจจอดอยู่ตรงกลาง ด้านข้างมีเก้าอี้นั่งเป็นมุมถ่ายภาพเก๋ๆ อีกหนึ่งมุม&nbsp; และที่สำคัญเจ้าของร้านเป็นกันเองมากค่ะ เดินออกมาหน้าร้านทักทายเชื้อเชิญคนที่เดินผ่านไปมาให้เข้ามานั่งในร้านตลอด&nbsp; แถมแนะนำเมนูเด็ดต่างๆ ของร้านให้ลองชิมอีกด้วย ร้านโปรดปราณ จะเปิดทุกวันเสาร์เวลาประมาณ 16.00-21.00 น.</span></p><p style=\"text-align:justify;\"><span style=\"background-color:rgb(255,255,255);color:rgb(85,85,85);\">ภายในร้านโปรดปราณให้บรรยากาศเหมือนนั่งทานอยู่ในร้านกาแฟสมัยรุ่นคุณปู่ คุณย่า&nbsp; เน้นการนำของใช้โบราณอย่าง ทีวี โต๊ะ เก้าอี้ มาจัดวางให้เหมือนบ้านสมัยก่อน ด้านในสุดของร้านมีโต๊ะเก้าอี้เก่า มุมนั่งทานแบบเก๋าๆ ตกแต่งด้วยของเก่าโบราณ ทั้ง ทีวี วิทยุ โปสเตอร์หนัง</span></p><p style=\"text-align:justify;\"><span style=\"background-color:rgb(255,255,255);color:rgb(85,85,85);\">เมนูเครื่องดื่มเน้นแบบโบราณ &nbsp;ของทานเล่น เช่น ขนมปังปิ้ง และขึ้นชื่อของทางร้านที่เจ้าจองร้านนำเสนอ คือ ปาท่องโก๋ปิ้งราดนมข้น &nbsp;กรอบนอกนุ่มในดีแท้</span></p><p style=\"margin-left:0px;text-align:justify;\">ถนนคนเดินตลาดเก่าปราณบุรี &nbsp;โดยเปิดเฉพาะวันเสาร์ตั้งแต่เวลา 16.00 – 22.00 น.</p><p style=\"margin-left:0px;text-align:justify;\"><strong>การเดินทางไปยังถนนคนเดินตลาดเก่าปราณบุรี</strong></p><p style=\"margin-left:0px;text-align:justify;\">เริ่มต้นจากสี่แยกไฟแดงหน้าที่ว่าการอำเภอปราณบุรี ให้สังเกตด้านซ้ายมือจะเห็นโลตัสปราณบุรี แล้วเลี้ยวซ้ายเข้าซอยข้างโลตัส จากนั้นขับตรงไปประมาณ 1 กม. ก่อนถึงทางรถไฟให้เลี้ยวขวาขับเลียบทางรถไฟไปอีกประมาณ 2 กม. ก็จะถึงสถานีรถไฟปราณบุรี เดินข้ามทางรถไฟไปจะเป็นตลาดเก่าปราณบุรี&nbsp; สามารถจอดรถตรงข้ามสถานีรถไฟได้ เสียค่าจอดรถ 20 บาท</p><hr><p style=\"text-align:justify;\"><a href=\"https://www.paiduaykan.com/%E0%B8%96%E0%B8%99%E0%B8%99%E0%B8%84%E0%B8%99%E0%B9%80%E0%B8%94%E0%B8%B4%E0%B8%99%E0%B8%9B%E0%B8%A3%E0%B8%B2%E0%B8%93%E0%B8%9A%E0%B8%B8%E0%B8%A3%E0%B8%B5/\">ที่มา : ไปด้วยกัน (paiduaykan.com)</a></p>', '<iframe width=\"560\" height=\"315\" src=\"https://www.youtube-nocookie.com/embed/kJsHzzoyGYg?si=XlaGIiD1HD6U3vo5\" title=\"YouTube video player\" frameborder=\"0\" allow=\"accelerometer; autoplay; clipboard-write; encrypted-media; gyroscope; picture-in-picture; web-share\" referrerpolicy=\"strict-origin-when-cross-origin\" allowfullscreen></iframe>', '<iframe src=\"https://www.google.com/maps/embed?pb=!1m18!1m12!1m3!1d3897.0966045335495!2d99.92425587481162!3d12.376460927647244!2m3!1f0!2f0!3f0!3m2!1i1024!2i768!4f13.1!3m3!1m2!1s0x30fdb313ec34ad7d%3A0xa902529f7df349b8!2z4LiW4LiZ4LiZ4LiE4LiZ4LmA4LiU4Li04LiZ4Lib4Lij4Liy4LiT4Lia4Li44Lij4Li1!5e0!3m2!1sth!2sth!4v1717218611620!5m2!1sth!2sth\" width=\"600\" height=\"450\" style=\"border:0;\" allowfullscreen=\"\" loading=\"lazy\" referrerpolicy=\"no-referrer-when-downgrade\"></iframe>', 1, '2024-06-01 09:36:41'),
(39, 'กับข้าว ตายาย', 50, 'tv_665aae8ce4fd3dcf66ebe8054933b10c01717218956.jpg', '<h1 style=\"text-align:justify;\">“กับข้าว ตายาย” ร้านอาหารทะเล อร่อยเด็ด แห่ง ปราณบุรี</h1><p style=\"text-align:justify;\"><span style=\"background-color:rgb(255,255,255);color:rgb(85,85,85);\">ถ้าใจอยากกิน ปราณบุรี ก็แค่หน้าปากซอย จัดไปอย่าให้เสีย กับร้านอร่อยที่มาพร้อมเมนูเด็ดมากมาย</span><strong> “กับข้าว ตายาย”</strong><span style=\"background-color:rgb(255,255,255);color:rgb(85,85,85);\"> ร้านอาหารสไตล์บ้านๆ แต่รสชาติไม่บ้าน ที่ไม่ควรพลาดเมื่อมาเที่ยวปราณบุรี เมืองชายทะเลบรรยากาศดี น่าเที่ยวแห่งประจวบคีรีขันธ์ ที่จัดทัพอาหารทะเลแบบสดๆ ให้ได้ลิ้มรสแบบถูกปาก เมนูเด่น กุ้งมังกร ซาซิมิ เนื้อสดหวานจิ้มกับวาซาบิ &nbsp;หอยนางรมสดส่งตรงจากสุราษฎร์ ปูไข่ดองจัดเต็มไข่แบบแน่นๆ รวมทั้งเมนูทะเล ทั้งแกงส้มปูไข่ดอง หมึกต้มหวาน ที่รสเด็ดไม่แพ้ใคร รับรองว่าต้องมีมาซ้ำแน่นอน</span></p><p style=\"text-align:justify;\"><span style=\"background-color:rgb(255,255,255);color:rgb(85,85,85);\">ร้านตั้งอยู่ในตัวเมืองปราณบุรี ไม่ไกลจากวงเวียนปลาหมึก มาถึงแล้วสามารถนำรถไปจอดด้านหลังร้านได้เลย ตัวร้านเป็นบ้านของทางเจ้าของที่นำบ้านมาปรับปรุงเป็นร้านอาหาร&nbsp; บรรยากาศเหมือนนั่งทานข้าวบ้านญาติที่ต่างจังหวัด ที่นั่งมีทั้งแบบโต๊ะ เก้าอี้ ที่อยู่นอกบ้าน&nbsp;และที่นั่งแบบกระท่อมมุงจาก มีต้นไม้ที่แบ่งพื้นที่ได้ความเป็นส่วนตัว เหมาะสำหรับมานั่งทานกับกลุ่มเพื่อนและครอบครัว</span></p><p style=\"text-align:justify;\"><span style=\"background-color:rgb(255,255,255);color:rgb(85,85,85);\">มาถึงเมนูเด็ดของทางร้าน ซึ่งเน้นเป็นเมนูอาหารทะเล ทั้งแบบสด นึ่ง ผัด ต้มยำ สั่งเมนูแนะนำ กุ้งมังกรซาซิมิมี 3 size 390 ,590 , 690 บาท สั่ง 590 บาท &nbsp;หอยนางรมทรงเครื่องตัวใหญ่ ( 350 บาท) ปูไข่ดอง 2 ตัว (350 บาท) &nbsp;ต่อด้วย แกงส้มปูไข่ดอง( 280 บาท) &nbsp;&nbsp;ปลาหมึกต้มหวาน ( 120 บาท) &nbsp;เสิร์ฟมาด้วยภาชนะแบบโบราณ เข้ากับบรรยากาศ</span></p><p style=\"margin-left:0px;text-align:justify;\">กุ้งมังกรซาซิมิ หั่นเนื้อมาให้พร้อมทาน &nbsp;เนื้อกุ้งสด หวานมาก จะจิ้มกับซอสวาซาบิตามสูตรก็ดีแนะนำทานพร้อมไปกับมะนาวที่หั่นเป็นชิ้นมาให้เพิ่มรสชาติได้ดีขึ้น &nbsp;หรือจะทานกับน้ำจิ้มซีฟู้ดก็เด็ด เมนูนี้ติดใจมาก แป๊บเดียวหมด</p><p style=\"margin-left:0px;text-align:justify;\"><span style=\"background-color:rgb(255,255,255);color:rgb(85,85,85);\">หอยนางรมตัวใหญ่ สั่งตรงมากจากสุราฎร์ ใน set มี 4 ตัว พร้อมเครื่องเคียง หอยตัวใหญ่ เนื้อสีขาว สดมาก ใส่กระเทียม หอมเจียว น้ำพริกเผา บีบมะนาวลงไป หรือจะเติมน้ำจิ้มซีฟู้ด ทานพร้อมกระถิน คือ ฟินมาก</span></p><p style=\"margin-left:0px;text-align:justify;\"><span style=\"background-color:rgb(255,255,255);color:rgb(85,85,85);\">ปูไข่ดอง size เล็ก แต่ไข่ไม่เล็ก มาแบบแน่นมาก แถมสดไม่มีกลิ่นคาวมากวนใจ เอาข้าวสวยใส่ลงไปในกระดองคลุกกับไข่แดง เติมน้ำจิ้มซีฟู้ดลงไปหน่อย อร่อยล้ำไปอีก</span></p><p style=\"margin-left:0px;text-align:justify;\"><span style=\"background-color:rgb(255,255,255);color:rgb(85,85,85);\">อีกหนึ่งเมนูเด็ดที่ไม่ควรพลาดแกงส้มปูไข่ดอง น้ำแกงรสชาติกลมกล่อม ปู่ไข่ให้เยอะ ไข่แน่นเช่นเคย ส่วนหน่อไม้ที่ใส่ลงไปอ่อนกำลังดี ทานแล้วกรุบกรอบ ช่วยเพิ่มรสชาติให้ดีขึ้รนไปอีก ส่วนหมึกไข่หวาน อีกหนึ่งเมนูแนะนำ ปลาหมึกสด ต้มมาแบบไม่แข็งจนเกินไป แต่รู้สึกว่าจะมีแต่รสหวานนำมากเกินไป ถ้ามีรสเค็มเพิ่มมาอีกนิดจะโอเคขึ้นยังรู้สึกธรรมดากับเมนูนี้ &nbsp;แต่โดยรวมแล้วชอบความสดของอาหาร ให้เต็มสิบค่ะร้านนี้ มาเมืองปราณบุรี มองหาร้านอาหารทะเล มุ่งตรงมาร้านนี้ไม่ผิดหวังทางร้านมีส่งแบบดิลิเวอรี่ทั่วไทย การันตีความอร่อยเพราะมีลูกค้าสั่งตลอด</span></p><p style=\"margin-left:0px;text-align:justify;\"><strong>กับข้าว ตายาย</strong></p><p style=\"margin-left:0px;text-align:justify;\">ที่อยู่ : 140/7 ม.5 บ้านดอนกลาง ซ.4&nbsp; ต.ปากน้ำปราณ อ.ปราณบุรี จ.ประจวบคีรีขันธ์&nbsp;</p><p style=\"margin-left:0px;text-align:justify;\">เปิดให้บริการ : ทุกวัน ตั้งแต่เวลา 11.00 -21.00 น.</p><p style=\"margin-left:0px;text-align:justify;\">โทร : 096 050 4448</p><hr><p style=\"text-align:justify;\"><a href=\"https://www.paiduaykan.com/%e0%b8%81%e0%b8%b1%e0%b8%9a%e0%b8%82%e0%b9%89%e0%b8%b2%e0%b8%a7%e0%b8%95%e0%b8%b2%e0%b8%a2%e0%b8%b2%e0%b8%a2/\">ที่มา : ไปด้วยกัน (paiduaykan.com)</a></p>', '<iframe width=\"560\" height=\"315\" src=\"https://www.youtube-nocookie.com/embed/FCEJyNaAMIU?si=lJw-IwktWnMF1vYE\" title=\"YouTube video player\" frameborder=\"0\" allow=\"accelerometer; autoplay; clipboard-write; encrypted-media; gyroscope; picture-in-picture; web-share\" referrerpolicy=\"strict-origin-when-cross-origin\" allowfullscreen></iframe>', '<iframe src=\"https://www.google.com/maps/embed?pb=!1m18!1m12!1m3!1d3897.0554391598735!2d99.97695987481163!3d12.37921872758944!2m3!1f0!2f0!3f0!3m2!1i1024!2i768!4f13.1!3m3!1m2!1s0x30fdb30bb9caf525%3A0x78e842dbb3d328d1!2z4Lij4LmJ4Liy4LiZ4Lit4Liy4Lir4Liy4LijIOC4geC4seC4muC4guC5ieC4suC4p-C4leC4suC4ouC4suC4og!5e0!3m2!1sth!2sth!4v1717218948743!5m2!1sth!2sth\" width=\"600\" height=\"450\" style=\"border:0;\" allowfullscreen=\"\" loading=\"lazy\" referrerpolicy=\"no-referrer-when-downgrade\"></iframe>', 1, '2024-06-01 09:36:52'),
(40, 'ครัวแม่กุหลาบ', 50, 'tv_665aaf5195dd2100c975682ea6ca4dea71717219153.jpg', '<h1 style=\"text-align:justify;\">ครัวแม่กุหลาบ ปราณบุรี อาหารทะเลรสอร่อยแบบพื้นบ้าน</h1><p style=\"text-align:justify;\"><span style=\"background-color:rgb(255,255,255);color:rgb(85,85,85);\">ยกให้เป็นร้านอาหารทะเลในดวงใจแห่งปราณบุรีไปอีกหนึ่งร้าน </span><strong>ครัวแม่กุหลาบ</strong><span style=\"background-color:rgb(255,255,255);color:rgb(85,85,85);\"> ร้านอาหารทะเลในสไตล์บ้านๆ รสมือคนท้องถิ่น การันตีความสดเพราะร้านมีเรือประมงเล็กของตัวเอง ที่ส่งตรงวัตถุดิบถึงร้านทุกวัน นำมาปรุงเป็นอาหารทะเลรสชาติจัดจ้านถึงใจ อร่อยทุกอย่าง เมนูแนะนำทั้งหมด ทั้ง แกงส้มปลากระบอก ที่จัดปลาสดตัวโต เนื้อนุ่ม เข้ากับน้ำแกงส้มที่ปรุงแบบพื้นบ้าน&nbsp; ปลาหมึกไข่ต้มหวาน เนื้อนุ่มไม่เหนียว ไข่แน่นจัดเต็มทุกตัว ปลาหมึกแดดเดียว ต้องจัดเนื้อปลาหมึกนุ่มเค็มกำลังดี จิ้มกับน้ำจิ้มซีฟู้ดรสแซ่บ ปลาอินทรีย์ทอดแดดเดียว ราดกับน้ำจิ้มใส่มะม่วงรสชาติเปรี้ยวหวานกำลังดี หอยเชลล์ผัดฉ่า หอยตัวโตเนื้อสดนุ่ม ผัดกับพริกแกง เครื่องเทศสมุนไพรต่างๆ อร่อยมาก แถมราคาไม่แพง สั่งหลายอย่างเช็คบิลมาไม่ถึงพัน เลิฟมากสำหรับร้านนี้&nbsp;</span></p><p style=\"text-align:justify;\"><strong>ครัวแม่กุหลาบ</strong><span style=\"background-color:rgb(255,255,255);color:rgb(85,85,85);\"> ตั้งอยู่ไม่ไกลจากปากน้ำปราณ ร้านนี้รู้จักเพราะร้านประจำที่ทานบ่อยปิด เลยลองหาร้านใหม่ เห็นในรีวิวของลูกค้าที่มาทานจริง ได้คะแนนรีวิวในกูเกิ้ลค่อนข้างสูง เสียงส่วนใหญ่ชมว่าอร่อย เลยลองตามมาทานบ้าง &nbsp;ร้านตั้งอยู่ในซอยเล็กๆในชุมชนของชาวบ้าน ที่มองดูแล้วไม่น่าจะมีร้านอาหารมาตั้งตรงนี้ได้เลย เห็นร้านครั้งแรกอาจมีลังเล เล็กน้อย เพราะไม่มีคนเลย จะอร่อยจริงหรือเปล่า แต่มาถึงแล้ว ต้องลอง &nbsp;บรรยากาศแบบบ้านๆ เปิดโล่ง เป็นการนำบ้านมาปรับปรุงเป็นร้านอาหาร มีที่นั่งทานหลายโต๊ะ ทั้งภายในร้านและซุ้มกระท่อมด้านนอก</span></p><p style=\"text-align:justify;\"><span style=\"background-color:rgb(255,255,255);color:rgb(85,85,85);\">เมนูของร้านเน้นอาหารทะเล&nbsp; ทั้ง ต้ม ผัด แกง ทอด มีครบ เมนูมีให้เลือกหลายอย่าง และที่สำคัญดูราคาแล้ว ไม่แพง หลักร้อนต้นๆ ไม่เกินนี้ อย่างปูม้านึ่งกิโลละ 600 บาทเท่านั้น ถือว่าถูกเมื่อเทียบกับร้านอาหารทะเลทั่วไป และการันตีว่าสดแน่นอน เพราะได้มีโอกาสสอบถามจากเจ้าของร้าน หลังจากทานเสร็จ เพราะอาหารสดมาก น้องตอบว่า มีเรือประมงเล็กของลุง ที่อยู่ตรงข้ามบ้านกัน ส่งวัตถุดิบมาที่ร้านทุกวัน มั่นใจว่าสดแน่นอน</span></p><p style=\"text-align:justify;\"><span style=\"background-color:rgb(255,255,255);color:rgb(85,85,85);\">เราสั่งเมนูแนะนำมาทั้งหมด เริ่มจาก </span><strong>แกงส้มปลากระบอก</strong><span style=\"background-color:rgb(255,255,255);color:rgb(85,85,85);\"> หรือจะเลือกเป็นปลากะพงก็ได้ ตอนทานสัมผัสได้ถึงความสด เนื้อหอมนุ่มลิ้น &nbsp;เข้ากับน้ำแกงส้มที่ปรุงรสชาติแบบพื้นบ้าน เปรี้ยวหวานนำ &nbsp;ปกติไม่ค่อยชอบทานน้ำแกงส้มแบบพื้นบ้านเพราะรู้สึกว่าน้ำแกงจืดๆ ไม่เข้มข้น ชอบทานแกงส้มใต้มากกว่า แต่ร้านนี้ทานแล้ว รู้สึกชอบรสชาติอร่อยลงตัว ยิ่งได้ทานกับข้าวร้อนๆ ยิ่งอร่อย</span></p><p style=\"text-align:justify;\"><span style=\"background-color:rgb(255,255,255);color:rgb(85,85,85);\">ปลาหมึกไข่ต้มหวาน เมนูที่ชอบที่สุด เนื้อนุ่มไม่เหนียวไข่แน่นจัดเต็มทุกตัวไม่ลวงตา ที่สำคัญ น้ำที่ปรุงหวานเข้มกำลังดี&nbsp; เมนูนี้สำหรับเรา คือ เมนูปราบเซียนอีกเมนูหนึ่ง &nbsp;เพราะหาร้านที่ทำอร่อยยาก ส่วนใหญ่เนื้อปลาหมึกแข็งบ้าง ร่วนบ้าง ต้มนานจนเปื่อยบ้าง น้ำหวานเลี่ยนไปบ้าง แต่ร้านนี้เป็นร้านแรกที่ทำให้รักเมนูนี้ขึ้นมาทันที ทานเกือบหมด เป็นปลาหมึกต้มหวานที่อร่อยที่สุดตั้งแต่เคยทานมา</span></p><p style=\"text-align:justify;\"><span style=\"background-color:rgb(255,255,255);color:rgb(85,85,85);\">ปลาหมึกแดดเดียว&nbsp; เมนูเด่นของร้านที่ต้องสั่ง ปลาหมึกชิ้นใหญ่ เนื้อนุ่มเค็มกำลังดี จิ้มกับน้ำจิ้มซีฟู้ดรสแซ่บ</span></p><p style=\"text-align:justify;\"><strong>หอยเชลล์ผัดฉ่า</strong><span style=\"background-color:rgb(255,255,255);color:rgb(85,85,85);\"> หอยตัวโตเนื้อสดนุ่ม ผัดกับพริกแกง เครื่องเทศสมุนไพรต่างๆ ปกติหอยเชลล์ที่เคยทานเนื้อจะเหนียว แต่ร้านนี้นุ่มจริง สดเว่อวังมาก&nbsp; ต่อด้วยปลาอินทรีย์ทอดแดดเดียว ราดกับน้ำจิ้มรสเด็ดใส่มะม่วงได้รสชาติเปรี้ยวหวาน ขอใช้คำว่าอร่อยอีกแล้ว &nbsp;</span></p><p style=\"margin-left:0px;text-align:justify;\">ทานไปมีความสุขไป อึ้ เช็คบิลมาแค่ 800 บาท ถูกเกินเบอร์ ตอนแรกนึกว่าจะพันนิดๆ เพราะอาหารปริมาณเยอะ จานใหญ่ มาปราณบุรีครั้งหน้า ค<strong>รัวแม่กุหลาบ</strong> ต้องเข้าแล้ว การันตีความอร่อยเกินราคา &nbsp;&nbsp;</p><p style=\"margin-left:0px;text-align:justify;\">&nbsp;</p><p style=\"margin-left:0px;text-align:justify;\"><strong>ครัวแม่กุหลาบ</strong></p><p style=\"margin-left:0px;text-align:justify;\">ที่อยู่ : &nbsp;ตำบล ปากน้ำปราณ อำเภอปราณบุรี ประจวบคีรีขันธ์&nbsp;</p><p style=\"margin-left:0px;text-align:justify;\">เปิดให้บริการ : 10.00 น. – 20.00 น.</p><p style=\"margin-left:0px;text-align:justify;\">โทร :&nbsp; 082 662 9564</p>', '', '<iframe src=\"https://www.google.com/maps/embed?pb=!1m18!1m12!1m3!1d3897.3824453579055!2d99.99435637481136!3d12.357294828049197!2m3!1f0!2f0!3f0!3m2!1i1024!2i768!4f13.1!3m3!1m2!1s0x30fdb11bc66efb19%3A0xfd1bfc7c7445a01c!2z4LiE4Lij4Lix4Lin4LmB4Lih4LmI4LiB4Li44Lir4Lil4Liy4Lia!5e0!3m2!1sth!2sth!4v1717219143917!5m2!1sth!2sth\" width=\"600\" height=\"450\" style=\"border:0;\" allowfullscreen=\"\" loading=\"lazy\" referrerpolicy=\"no-referrer-when-downgrade\"></iframe>', 1, '2024-06-01 09:37:06');
INSERT INTO `pbr_travel` (`tv_id`, `tv_name`, `tvt_id`, `tv_cover`, `tv_detail`, `tv_video`, `tv_location`, `tv_status`, `time`) VALUES
(41, 'ยกซด ซีฟู้ด', 50, 'tv_665ab070e754dfd1db05a699860294bf51717219440.jpg', '<h1>ยกซด ซีฟู้ด ร้านอาหารทะเล สด ถูก อร่อย แห่งสามร้อยยอด</h1><p style=\"text-align:justify;\"><strong>ยกซด ซีฟู้ด</strong><span style=\"background-color:rgb(255,255,255);color:rgb(85,85,85);\"> ร้านอาหารที่ตั้งอยู่บริเวณอำเภอสามร้อยยอด จังหวัดประจวบคีรีขันธ์ &nbsp;เป็นอีกหนึ่งร้านอาหารขึ้นชื่อถ้ามาเที่ยวปราณบุรี ต้องไม่พลาดเลยทีเดียว &nbsp;ที่ตั้งอยู่ไม่ไกลจากสถานที่ท่องเที่ยวชื่อดังถ้ำพระยานคร เรียกได้ว่าถ้าไปเที่ยวแล้วก็แวะมารับประทานอาหารทะเลแบบสด รสชาติดี ในราคาไม่แพง &nbsp;ร้านตั้งอยู่ทางไปถ้ำพระยานคร บรรยากาศร้านติดป่าชายเลน &nbsp;เมนูมีหลายหลายมาก ซึ่งส่วนใหญ่เน้นเมนูอาหารทะเล เช่น ปูนึ่ง เนื้อแน่น สด ปูนิ่มผัดพริกไทยดำ &nbsp;หอยนางรม หอยสดหวานอร่อย ไข่เจียวปู &nbsp;ผัดผักชะคราม หมึกผัดกระปิ</span></p><p style=\"text-align:justify;\"><span style=\"background-color:rgb(255,255,255);color:rgb(85,85,85);\">ตัวร้านและที่นั่งเป็นเพิงไม้เล็กๆ เปิดโล่ง รวมถึงที่นั่งที่ติดกับป่าชายเลน</span></p><p style=\"text-align:justify;\"><span style=\"background-color:rgb(255,255,255);color:rgb(85,85,85);\">ถึงแม้บรรยากาศจะดูธรรมดาบ้าน &nbsp;แต่เรื่องอาหาร ร้านนี้จัดเต็มมาก อาหารทะเลสดมาก ราคาก็ไม่แพง &nbsp;ราคาปูม้ากิโลละ 450-650 สำหรับเรา ถ้าเทียวกับร้านอาหารทะเลที่อื่น ถือว่าราคาค่อนข้างถูก</span></p><p style=\"margin-left:0px;text-align:justify;\">โดยรวมแล้วถือว่าอาหารรสชาติดีมาก แถมราคาไม่แพง พนักงานยิ้มแย้มบริการดี แนะนำมาแถวนี้ต้องมาลิ้มรสความอร่อย</p><p style=\"margin-left:0px;\">&nbsp;</p><p style=\"margin-left:0px;\"><strong>ยกซด ซีฟู้ด</strong></p><p style=\"margin-left:0px;\">เปิดให้บริการทุกวัน &nbsp;&nbsp;10.00 -18.00 น.<br>เบอร์โทรศัพท์ 085 065 7123 &nbsp;086 883 2356<br>&nbsp;</p><hr><p><a href=\"https://www.paiduaykan.com/%E0%B8%A2%E0%B8%81%E0%B8%8B%E0%B8%94%E0%B8%8B%E0%B8%B5%E0%B8%9F%E0%B8%B9%E0%B9%89%E0%B8%94/\">ที่มา : ไปด้วยกัน (paiduaykan.com)</a></p>', '<iframe width=\"560\" height=\"315\" src=\"https://www.youtube-nocookie.com/embed/n1fLeYEM-BQ?si=rx3ip0N-scj2LatA\" title=\"YouTube video player\" frameborder=\"0\" allow=\"accelerometer; autoplay; clipboard-write; encrypted-media; gyroscope; picture-in-picture; web-share\" referrerpolicy=\"strict-origin-when-cross-origin\" allowfullscreen></iframe>', '<iframe src=\"https://www.google.com/maps/embed?pb=!1m18!1m12!1m3!1d3899.7959616988696!2d99.99113297480932!3d12.194282331444056!2m3!1f0!2f0!3f0!3m2!1i1024!2i768!4f13.1!3m3!1m2!1s0x30fdc9678489b01b%3A0x6fece901da8aef01!2z4Lij4LmJ4Liy4LiZ4Lii4LiB4LiL4LiU4LiL4Li14Lif4Li54LmJ4LiUIOC4quC4suC4oeC4o-C5ieC4reC4ouC4ouC4reC4lA!5e0!3m2!1sth!2sth!4v1717219418861!5m2!1sth!2sth\" width=\"600\" height=\"450\" style=\"border:0;\" allowfullscreen=\"\" loading=\"lazy\" referrerpolicy=\"no-referrer-when-downgrade\"></iframe>', 1, '2024-06-01 05:24:00');

-- --------------------------------------------------------

--
-- Table structure for table `pbr_travel_type`
--

CREATE TABLE `pbr_travel_type` (
  `tvt_id` int(11) NOT NULL COMMENT 'รหัสประเภท',
  `tvt_img` varchar(100) NOT NULL COMMENT 'รูปประเภท',
  `tvt_name` varchar(100) NOT NULL COMMENT 'ชื่อประเภท',
  `tvt_status` tinyint(1) NOT NULL DEFAULT 0 COMMENT 'สถานะ 1 = แสดง, 0 = ไม่แสดง',
  `time` timestamp NOT NULL DEFAULT current_timestamp() ON UPDATE current_timestamp() COMMENT 'วัน เวลา'
) ENGINE=InnoDB DEFAULT CHARSET=utf8mb4 COLLATE=utf8mb4_general_ci COMMENT='ประเภทสถานที่ท่องเที่ยว';

--
-- Dumping data for table `pbr_travel_type`
--

INSERT INTO `pbr_travel_type` (`tvt_id`, `tvt_img`, `tvt_name`, `tvt_status`, `time`) VALUES
(44, 'tvt_665aa32c3abc364921c535c3a2f5835371717216044.jpg', 'ชายหาดและทะเล', 0, '2024-06-01 05:36:33'),
(45, 'tvt_665aa480b912f59d73c459b419b10408c1717216384.jpg', 'เขื่อน', 1, '2024-06-01 04:33:04'),
(46, 'tvt_665aa7cc1ceb62f0c6c0571acfbfae14c1717217228.jpg', 'ฟาร์มและคาเฟ่', 1, '2024-06-01 04:47:08'),
(47, 'tvt_665aaa01ee08df5052bd2dce653bd9ec11717217793.jpg', 'อุทยาน', 1, '2024-06-01 04:56:33'),
(48, 'tvt_665aab006635a6f5a3b9393e95157b3941717218048.jpg', 'วัด', 1, '2024-06-01 05:00:48'),
(49, 'tvt_665aacc37a0de46533bb3639eff609ac61717218499.jpg', 'ตลาดหรือถนนคนเดิน', 1, '2024-06-01 05:08:19'),
(50, 'tvt_665aadeddb3a84d30d02270526b45435c1717218797.jpg', 'ร้านอาหาร', 1, '2024-06-01 05:13:17');

-- --------------------------------------------------------

--
-- Table structure for table `pbr_travel_views`
--

CREATE TABLE `pbr_travel_views` (
  `tvv_id` int(11) NOT NULL COMMENT 'รหัสรายการเข้าชมสถานที่ท่องเที่ยว',
  `tv_id` int(11) NOT NULL COMMENT 'รหัสสถานที่ท่องเที่ยว',
  `tvt_id` int(11) NOT NULL COMMENT 'รหัสปรพเภทสถานที่ท่องเที่ยว',
  `tvv_view` int(11) NOT NULL DEFAULT 0 COMMENT 'ยอดเข้าชม',
  `time` timestamp NOT NULL DEFAULT current_timestamp() ON UPDATE current_timestamp() COMMENT 'วัน เวลา'
) ENGINE=InnoDB DEFAULT CHARSET=utf8mb4 COLLATE=utf8mb4_general_ci COMMENT='ยอดเข้าชมสถานที่ท่องเที่ยว';

--
-- Dumping data for table `pbr_travel_views`
--

INSERT INTO `pbr_travel_views` (`tvv_id`, `tv_id`, `tvt_id`, `tvv_view`, `time`) VALUES
(85, 31, 44, 0, '2024-06-01 04:30:37'),
(86, 32, 45, 0, '2024-06-01 04:40:36'),
(87, 33, 46, 0, '2024-06-01 04:52:06'),
(88, 34, 46, 0, '2024-06-01 04:55:14'),
(89, 35, 47, 0, '2024-06-01 04:59:05'),
(90, 36, 48, 0, '2024-06-01 05:03:20'),
(91, 37, 44, 0, '2024-06-01 05:06:44'),
(92, 38, 49, 0, '2024-06-01 05:10:19'),
(93, 39, 50, 0, '2024-06-01 05:15:56'),
(94, 40, 50, 0, '2024-06-01 05:19:13'),
(95, 41, 50, 0, '2024-06-01 05:24:00'),
(96, 34, 46, 1, '2024-06-01 05:43:03'),
(97, 40, 50, 1, '2024-06-01 05:52:14'),
(98, 34, 46, 1, '2024-06-01 05:58:38'),
(99, 34, 46, 1, '2024-06-01 05:58:41'),
(100, 34, 46, 1, '2024-06-01 05:58:51'),
(101, 41, 50, 1, '2024-06-01 05:58:55'),
(102, 41, 50, 1, '2024-06-01 05:59:16'),
(103, 34, 46, 1, '2024-06-01 06:02:04'),
(104, 34, 46, 1, '2024-06-01 06:02:08'),
(105, 34, 46, 1, '2024-06-01 06:03:00'),
(106, 34, 46, 1, '2024-06-01 06:03:16'),
(107, 34, 46, 1, '2024-06-01 06:03:28'),
(108, 34, 46, 1, '2024-06-01 06:04:21'),
(109, 34, 46, 1, '2024-06-01 06:05:10'),
(110, 34, 46, 1, '2024-06-01 06:05:23'),
(111, 34, 46, 1, '2024-06-01 06:06:14'),
(112, 34, 46, 1, '2024-06-01 06:06:19'),
(113, 40, 50, 1, '2024-06-01 06:07:35'),
(114, 39, 50, 1, '2024-06-01 06:07:58'),
(115, 38, 49, 1, '2024-06-01 06:11:43'),
(116, 38, 49, 1, '2024-06-01 06:12:43'),
(117, 38, 49, 1, '2024-06-01 06:12:45'),
(118, 38, 49, 1, '2024-06-01 06:12:46'),
(119, 38, 49, 1, '2024-06-01 06:12:47'),
(120, 38, 49, 1, '2024-06-01 06:12:50'),
(121, 38, 49, 1, '2024-06-01 06:12:51'),
(122, 34, 46, 1, '2024-06-01 06:13:33'),
(123, 34, 46, 1, '2024-06-01 06:13:54'),
(124, 34, 46, 1, '2024-06-01 06:14:03'),
(125, 34, 46, 1, '2024-06-01 06:14:21'),
(126, 34, 46, 1, '2024-06-01 06:14:22'),
(127, 34, 46, 1, '2024-06-01 06:14:23'),
(128, 34, 46, 1, '2024-06-01 06:14:24'),
(129, 34, 46, 1, '2024-06-01 06:15:04'),
(130, 34, 46, 1, '2024-06-01 06:15:14'),
(131, 34, 46, 1, '2024-06-01 06:15:27'),
(132, 34, 46, 1, '2024-06-01 06:15:42'),
(133, 34, 46, 1, '2024-06-01 06:15:44'),
(134, 34, 46, 1, '2024-06-01 06:16:53'),
(135, 34, 46, 1, '2024-06-01 06:17:03'),
(136, 34, 46, 1, '2024-06-01 06:17:04'),
(137, 34, 46, 1, '2024-06-01 06:17:04'),
(138, 34, 46, 1, '2024-06-01 06:17:16'),
(139, 34, 46, 1, '2024-06-01 06:17:32'),
(140, 34, 46, 1, '2024-06-01 06:17:44'),
(141, 34, 46, 1, '2024-06-01 06:17:45'),
(142, 34, 46, 1, '2024-06-01 06:19:19'),
(143, 34, 46, 1, '2024-06-01 06:19:46'),
(144, 34, 46, 1, '2024-06-01 06:20:18'),
(145, 38, 49, 1, '2024-06-01 06:20:56'),
(146, 32, 45, 1, '2024-06-01 06:21:58'),
(147, 32, 45, 1, '2024-06-01 06:22:04'),
(148, 34, 46, 1, '2024-06-01 06:25:14'),
(149, 38, 49, 1, '2024-06-01 06:27:48'),
(150, 38, 49, 1, '2024-06-01 06:27:57'),
(151, 38, 49, 1, '2024-06-01 06:28:26'),
(152, 38, 49, 1, '2024-06-01 06:30:33'),
(153, 33, 46, 1, '2024-06-01 06:32:12'),
(154, 33, 46, 1, '2024-06-01 06:32:18'),
(155, 38, 49, 1, '2024-06-01 06:32:20'),
(156, 32, 45, 1, '2024-06-01 06:32:22'),
(157, 34, 46, 1, '2024-06-01 09:34:07'),
(158, 41, 50, 1, '2024-06-01 09:34:14'),
(159, 34, 46, 1, '2024-06-01 09:34:29'),
(160, 39, 50, 1, '2024-06-01 09:34:34'),
(161, 38, 49, 1, '2024-06-01 09:34:36'),
(162, 35, 47, 1, '2024-06-01 09:34:39');

--
-- Indexes for dumped tables
--

--
-- Indexes for table `pbr_admin`
--
ALTER TABLE `pbr_admin`
  ADD PRIMARY KEY (`adm_id`);

--
-- Indexes for table `pbr_contact`
--
ALTER TABLE `pbr_contact`
  ADD PRIMARY KEY (`ct_id`);

--
-- Indexes for table `pbr_news`
--
ALTER TABLE `pbr_news`
  ADD PRIMARY KEY (`ns_id`);

--
-- Indexes for table `pbr_news_type`
--
ALTER TABLE `pbr_news_type`
  ADD PRIMARY KEY (`nst_id`);

--
-- Indexes for table `pbr_news_views`
--
ALTER TABLE `pbr_news_views`
  ADD PRIMARY KEY (`nsv_id`),
  ADD KEY `ns_id` (`ns_id`),
  ADD KEY `pbr_news_views_ibfk_2` (`nst_id`);

--
-- Indexes for table `pbr_setting`
--
ALTER TABLE `pbr_setting`
  ADD PRIMARY KEY (`st_id`);

--
-- Indexes for table `pbr_travel`
--
ALTER TABLE `pbr_travel`
  ADD PRIMARY KEY (`tv_id`);

--
-- Indexes for table `pbr_travel_type`
--
ALTER TABLE `pbr_travel_type`
  ADD PRIMARY KEY (`tvt_id`);

--
-- Indexes for table `pbr_travel_views`
--
ALTER TABLE `pbr_travel_views`
  ADD PRIMARY KEY (`tvv_id`),
  ADD KEY `pbr_travel_views_ibfk_1` (`tv_id`),
  ADD KEY `tvt_id` (`tvt_id`);

--
-- AUTO_INCREMENT for dumped tables
--

--
-- AUTO_INCREMENT for table `pbr_admin`
--
ALTER TABLE `pbr_admin`
  MODIFY `adm_id` int(11) NOT NULL AUTO_INCREMENT COMMENT 'รหัสผู้ดูแลระบบ', AUTO_INCREMENT=19;

--
-- AUTO_INCREMENT for table `pbr_contact`
--
ALTER TABLE `pbr_contact`
  MODIFY `ct_id` int(11) NOT NULL AUTO_INCREMENT COMMENT 'รหัสรายการ', AUTO_INCREMENT=10;

--
-- AUTO_INCREMENT for table `pbr_news`
--
ALTER TABLE `pbr_news`
  MODIFY `ns_id` int(11) NOT NULL AUTO_INCREMENT COMMENT 'รหัสข่าว', AUTO_INCREMENT=15;

--
-- AUTO_INCREMENT for table `pbr_news_type`
--
ALTER TABLE `pbr_news_type`
  MODIFY `nst_id` int(11) NOT NULL AUTO_INCREMENT COMMENT 'รหัสประเภทข่าว', AUTO_INCREMENT=11;

--
-- AUTO_INCREMENT for table `pbr_news_views`
--
ALTER TABLE `pbr_news_views`
  MODIFY `nsv_id` int(11) NOT NULL AUTO_INCREMENT COMMENT 'รหัสรายการ', AUTO_INCREMENT=83;

--
-- AUTO_INCREMENT for table `pbr_setting`
--
ALTER TABLE `pbr_setting`
  MODIFY `st_id` int(11) NOT NULL AUTO_INCREMENT COMMENT 'รหัสรายการ', AUTO_INCREMENT=4;

--
-- AUTO_INCREMENT for table `pbr_travel`
--
ALTER TABLE `pbr_travel`
  MODIFY `tv_id` int(11) NOT NULL AUTO_INCREMENT COMMENT 'รหัสสถานที่ท่องเที่ยว', AUTO_INCREMENT=42;

--
-- AUTO_INCREMENT for table `pbr_travel_type`
--
ALTER TABLE `pbr_travel_type`
  MODIFY `tvt_id` int(11) NOT NULL AUTO_INCREMENT COMMENT 'รหัสประเภท', AUTO_INCREMENT=52;

--
-- AUTO_INCREMENT for table `pbr_travel_views`
--
ALTER TABLE `pbr_travel_views`
  MODIFY `tvv_id` int(11) NOT NULL AUTO_INCREMENT COMMENT 'รหัสรายการเข้าชมสถานที่ท่องเที่ยว', AUTO_INCREMENT=163;

--
-- Constraints for dumped tables
--

--
-- Constraints for table `pbr_news_views`
--
ALTER TABLE `pbr_news_views`
  ADD CONSTRAINT `pbr_news_views_ibfk_1` FOREIGN KEY (`ns_id`) REFERENCES `pbr_news` (`ns_id`) ON DELETE CASCADE ON UPDATE CASCADE,
  ADD CONSTRAINT `pbr_news_views_ibfk_2` FOREIGN KEY (`nst_id`) REFERENCES `pbr_news_type` (`nst_id`);

--
-- Constraints for table `pbr_travel_views`
--
ALTER TABLE `pbr_travel_views`
  ADD CONSTRAINT `pbr_travel_views_ibfk_1` FOREIGN KEY (`tv_id`) REFERENCES `pbr_travel` (`tv_id`) ON DELETE CASCADE ON UPDATE CASCADE,
  ADD CONSTRAINT `pbr_travel_views_ibfk_2` FOREIGN KEY (`tvt_id`) REFERENCES `pbr_travel_type` (`tvt_id`);
COMMIT;

/*!40101 SET CHARACTER_SET_CLIENT=@OLD_CHARACTER_SET_CLIENT */;
/*!40101 SET CHARACTER_SET_RESULTS=@OLD_CHARACTER_SET_RESULTS */;
/*!40101 SET COLLATION_CONNECTION=@OLD_COLLATION_CONNECTION */;
